{"HalfedgeAttributes":[],"Halfedges":[[1,2,1],[3,0,0],[0,4,2],[5,1,1],[2,6,3],[7,3,2],[4,8,4],[9,5,3],[6,10,5],[11,7,4],[8,12,6],[13,9,5],[10,14,7],[15,11,6],[12,16,8],[17,13,7],[14,18,9],[19,15,8],[16,20,10],[21,17,9],[18,22,11],[23,19,10],[20,24,12],[25,21,11],[22,26,13],[27,23,12],[24,28,14],[29,25,13],[26,30,15],[31,27,14],[28,32,16],[33,29,15],[30,34,17],[35,31,16],[32,36,18],[37,33,17],[34,38,19],[39,35,18],[36,40,20],[41,37,19],[38,42,21],[43,39,20],[40,44,22],[45,41,21],[42,46,23],[47,43,22],[44,48,24],[49,45,23],[46,50,25],[51,47,24],[48,52,26],[53,49,25],[50,54,27],[55,51,26],[52,56,28],[57,53,27],[54,58,29],[59,55,28],[56,60,30],[61,57,29],[58,62,31],[63,59,30],[60,64,32],[65,61,31],[62,66,33],[67,63,32],[64,68,34],[69,65,33],[66,70,35],[71,67,34],[68,72,36],[73,69,35],[70,74,37],[75,71,36],[72,76,38],[77,73,37],[74,78,39],[79,75,38],[76,80,40],[81,77,39],[78,82,41],[83,79,40],[80,84,42],[85,81,41],[82,86,43],[87,83,42],[84,88,44],[89,85,43],[86,90,45],[91,87,44],[88,92,46],[93,89,45],[90,94,47],[95,91,46],[92,96,48],[97,93,47],[94,98,49],[99,95,48],[96,100,50],[101,97,49],[98,102,51],[103,99,50],[100,104,52],[105,101,51],[102,106,53],[107,103,52],[104,108,54],[109,105,53],[106,110,55],[111,107,54],[108,112,56],[113,109,55],[110,114,57],[115,111,56],[112,116,58],[117,113,57],[114,118,59],[119,115,58],[116,120,60],[121,117,59],[118,122,61],[123,119,60],[120,124,62],[125,121,61],[122,126,63],[127,123,62],[124,128,64],[129,125,63],[126,130,65],[131,127,64],[128,132,66],[133,129,65],[130,134,67],[135,131,66],[132,136,68],[137,133,67],[134,138,69],[139,135,68],[136,140,70],[141,137,69],[138,142,71],[143,139,70],[140,144,72],[145,141,71],[142,146,73],[147,143,72],[144,148,74],[149,145,73],[146,150,75],[151,147,74],[148,152,76],[153,149,75],[150,154,77],[155,151,76],[152,156,78],[157,153,77],[154,158,79],[159,155,78],[156,160,80],[161,157,79],[158,162,81],[163,159,80],[160,164,82],[165,161,81],[162,166,83],[167,163,82],[164,168,84],[169,165,83],[166,170,85],[171,167,84],[168,172,86],[173,169,85],[170,174,87],[175,171,86],[172,176,88],[177,173,87],[174,178,89],[179,175,88],[176,180,90],[181,177,89],[178,182,91],[183,179,90],[180,184,92],[185,181,91],[182,186,93],[187,183,92],[184,188,94],[189,185,93],[186,190,95],[191,187,94],[188,192,96],[193,189,95],[190,194,97],[195,191,96],[192,196,98],[197,193,97],[194,197,99],[196,195,98]],"VertexAttributes":[[-19.2051583695553,-36.5800229086239,-2.28930564031289],[-18.4266297391106,-35.9524138172478,-2.28930564031292],[-17.4506324823347,-35.7346310016586,-2.20617717990305],[-16.4746352255589,-35.5168481860694,-2.20617717990305],[-15.8258913566072,-34.7558413579151,-2.27242075711695],[-15.1771474876555,-33.9948345297607,-2.27242075711695],[-14.6302727130426,-33.1576201122474,-2.34024101890903],[-14.5417612578409,-32.161544953287,-2.44663146912082],[-14.5086708542882,-31.1620925906439,-2.42590393906752],[-14.4755804507355,-30.1626402280009,-2.42590393906752],[-14.5639688635579,-29.1665541431274,-2.47864872330773],[-14.7694433944758,-28.1878916797908,-2.49884633205683],[-14.9749179253937,-27.2092292164542,-2.49884633205681],[-15.2391594206747,-26.2447726688733,-2.54622801696958],[-15.6362301943789,-25.32698467556,-2.57454032432013],[-15.4908376864598,-24.3376106216042,-2.37642485024186],[-15.3454451785406,-23.3482365676484,-2.37642485024189],[-14.9156656523101,-22.4453027058218,-2.25597241686772],[-14.4221115109548,-21.5755876320471,-2.29217329199035],[-13.9285573695994,-20.7058725582724,-2.29217329199035],[-13.7236653402709,-19.7270879771118,-2.29472405422494],[-13.5187733109425,-18.7483033959512,-2.29472405422494],[-14.0942559987299,-17.9304894341867,-2.29609019414859],[-14.6697386865174,-17.1126754724223,-2.29609019414859],[-15.6443108743407,-16.8886017106354,-2.39572743051048],[-16.57049468405,-16.5115293692573,-2.35931019004214],[-17.4966784937593,-16.1344570278792,-2.35931019004214],[-18.2781252952854,-15.5104851564101,-2.31044299201828],[-19.116513358806,-14.9654113495305,-2.31844123761866],[-19.7696306990628,-14.2081546296158,-2.30859611906432],[-20.4227480393196,-13.4508979097012,-2.30859611906432],[-21.1951021537926,-12.8157057168521,-2.3676681854318],[-22.1393950080934,-12.4865993429902,-2.41668185874966],[-23.0836878623942,-12.1574929691284,-2.41668185874966],[-24.0525951767825,-11.9100690088397,-2.45264651014969],[-25.0385759432015,-11.7432100017356,-2.55661673469827],[-26.0245567096205,-11.5763509946315,-2.5566167346983],[-27.0215164439132,-11.4984325231431,-2.62825194044375],[-28.0184761782058,-11.4205140516547,-2.62825194044375],[-29.0123612912872,-11.3100949319551,-2.62009204933291],[-30.0062464043686,-11.1996758122555,-2.6200920493329],[-30.8485654983185,-10.6606966438571,-2.52111305890244],[-31.6908845922684,-10.1217174754588,-2.52111305890244],[-31.7070659447354,-9.1218484021135,-2.29393716309211],[-31.7232472972024,-8.12197932876823,-2.29393716309211],[-32.6134627551842,-7.66643960671291,-2.30067645466471],[-33.503678213166,-7.2108998846576,-2.30067645466471],[-34.2520356868344,-7.87419551377384,-2.36435195435597],[-34.9329187086439,-8.60658769738285,-2.42617192333179],[-35.6138017304533,-9.33897988099186,-2.42617192333179],[-36.0464893309653,-10.2405238013658,-2.4970898225929],[-36.4791769314773,-11.1420677217397,-2.4970898225929],[-36.8227624333742,-12.0811891211798,-2.5110690796877],[-37.1663479352711,-13.0203105206198,-2.51106907968773],[-37.61491443639,-13.9140599788428,-2.50587820270502],[-37.981857916732,-14.8443032170523,-2.52267712848837],[-38.3216259063697,-15.7848125010137,-2.51374174255419],[-37.9587206837544,-16.7166385574204,-2.52786053437121],[-37.595815461139,-17.6484646138271,-2.52786053437121],[-36.8068665369192,-18.2629233959862,-2.5900910989149],[-36.1232970138571,-18.9928088028418,-2.56522064422039],[-35.439727490795,-19.7226942096973,-2.56522064422037],[-34.8901043073537,-20.5581068958734,-2.48836641320025],[-34.6502752343402,-21.5289220254101,-2.38136435762777],[-34.7743302084549,-22.5211973719735,-2.27059249234698],[-35.0204775570511,-23.4904297913544,-2.20632154723504],[-35.2666249056473,-24.4596622107354,-2.20632154723504],[-35.8178161425941,-25.2940411536103,-2.06546849094245],[-36.7993107923818,-25.4855307158276,-1.96769941862904],[-37.7808054421694,-25.677020278045,-1.96769941862904],[-38.7521290792923,-25.9147814859122,-1.86999759782773],[-39.7508848015726,-25.8649115830412,-1.82477751410721],[-40.7417721775309,-25.9996045975828,-1.88644717013324],[-41.741453048648,-25.9743428493722,-1.86920575226749],[-42.7413400104373,-25.9593074363857,-1.94497475645326],[-43.7412269722267,-25.9442720233992,-1.94497475645325],[-44.7190407734809,-26.1537479649216,-2.00653522122957],[-45.6968545747352,-26.363223906444,-2.00653522122957],[-46.6228972572958,-26.7406427057585,-2.00258614570663],[-47.5489399398564,-27.118061505073,-2.00258614570663],[-48.5325884655218,-26.937962704532,-2.03810309080615],[-49.5162369911871,-26.757863903991,-2.03810309080615],[-50.4998855168525,-26.5777651034499,-2.03810309080615],[-51.3424762859464,-26.039210746084,-1.87956529072055],[-52.1850670550402,-25.5006563887181,-1.87956529072055],[-53.1844524552214,-25.5357109448385,-2.03254310677517],[-54.1838378554025,-25.570765500959,-2.03254310677517],[-55.1448681652394,-25.8472085214438,-2.0922151504893],[-56.1058984750763,-26.1236515419286,-2.09221515048932],[-57.0780863723,-26.3578537889113,-2.03462759809369],[-58.0502742695238,-26.592056035894,-2.03462759809369],[-59.0041722309451,-26.8921871392409,-1.98867061745175],[-59.9580701923664,-27.1923182425878,-1.98867061745175],[-60.0562321539371,-28.187488694973,-2.14928539888783],[-59.5084519174491,-29.0241109589088,-2.32913072827959],[-58.7321917949546,-29.654523698489,-2.37049504049735],[-57.9489897281291,-30.276290956006,-2.38372953663118],[-57.1657876613037,-30.8980582135231,-2.38372953663118],[-56.5124507186053,-31.655125475598,-2.32654239276417],[-56.1120619847911,-32.5714708590832,-2.25140178240108]],