{"HalfedgeAttributes":[],"Halfedges":[[1,2,1],[3,0,0],[0,4,2],[5,1,1],[2,6,3],[7,3,2],[4,8,4],[9,5,3],[6,10,5],[11,7,4],[8,12,6],[13,9,5],[10,14,7],[15,11,6],[12,16,8],[17,13,7],[14,18,9],[19,15,8],[16,20,10],[21,17,9],[18,22,11],[23,19,10],[20,24,12],[25,21,11],[22,26,13],[27,23,12],[24,28,14],[29,25,13],[26,30,15],[31,27,14],[28,32,16],[33,29,15],[30,34,17],[35,31,16],[32,36,18],[37,33,17],[34,38,19],[39,35,18],[36,40,20],[41,37,19],[38,42,21],[43,39,20],[40,44,22],[45,41,21],[42,46,23],[47,43,22],[44,48,24],[49,45,23],[46,50,25],[51,47,24],[48,52,26],[53,49,25],[50,54,27],[55,51,26],[52,56,28],[57,53,27],[54,58,29],[59,55,28],[56,60,30],[61,57,29],[58,62,31],[63,59,30],[60,64,32],[65,61,31],[62,66,33],[67,63,32],[64,68,34],[69,65,33],[66,70,35],[71,67,34],[68,72,36],[73,69,35],[70,74,37],[75,71,36],[72,76,38],[77,73,37],[74,78,39],[79,75,38],[76,80,40],[81,77,39],[78,82,41],[83,79,40],[80,84,42],[85,81,41],[82,86,43],[87,83,42],[84,88,44],[89,85,43],[86,90,45],[91,87,44],[88,92,46],[93,89,45],[90,94,47],[95,91,46],[92,96,48],[97,93,47],[94,98,49],[99,95,48],[96,100,50],[101,97,49],[98,102,51],[103,99,50],[100,104,52],[105,101,51],[102,106,53],[107,103,52],[104,108,54],[109,105,53],[106,110,55],[111,107,54],[108,112,56],[113,109,55],[110,114,57],[115,111,56],[112,116,58],[117,113,57],[114,118,59],[119,115,58],[116,120,60],[121,117,59],[118,122,61],[123,119,60],[120,124,62],[125,121,61],[122,126,63],[127,123,62],[124,128,64],[129,125,63],[126,130,65],[131,127,64],[128,132,66],[133,129,65],[130,134,67],[135,131,66],[132,136,68],[137,133,67],[134,138,69],[139,135,68],[136,140,70],[141,137,69],[138,142,71],[143,139,70],[140,144,72],[145,141,71],[142,146,73],[147,143,72],[144,148,74],[149,145,73],[146,150,75],[151,147,74],[148,152,76],[153,149,75],[150,154,77],[155,151,76],[152,156,78],[157,153,77],[154,158,79],[159,155,78],[156,160,80],[161,157,79],[158,162,81],[163,159,80],[160,164,82],[165,161,81],[162,166,83],[167,163,82],[164,168,84],[169,165,83],[166,170,85],[171,167,84],[168,172,86],[173,169,85],[170,174,87],[175,171,86],[172,176,88],[177,173,87],[174,178,89],[179,175,88],[176,180,90],[181,177,89],[178,182,91],[183,179,90],[180,184,92],[185,181,91],[182,186,93],[187,183,92],[184,188,94],[189,185,93],[186,190,95],[191,187,94],[188,192,96],[193,189,95],[190,194,97],[195,191,96],[192,196,98],[197,193,97],[194,197,99],[196,195,98]],"VertexAttributes":[[-8.55052197477004,4.89437621069602,-5.95228884367422],[-8.28948494954007,3.92904742139204,-5.95228884367422],[-8.19567205442615,2.93345757576767,-5.93532163236115],[-8.10185915931223,1.93786773014331,-5.93532163236115],[-8.10735270977796,0.937882819805518,-5.91540392001653],[-8.2479210298905,-0.0521881611755131,-5.91324214398711],[-8.38848935000303,-1.04225914215654,-5.91324214398713],[-9.32971165282394,-1.38004691084051,-5.7835045801569],[-10.3021520827768,-1.61319838562288,-5.7737962419597],[-11.2745925127296,-1.84634986040525,-5.7737962419597],[-12.2701500394561,-1.94050510974496,-5.78766720940469],[-13.2657075661826,-2.03466035908466,-5.78766720940472],[-14.2623557864032,-1.95285372652357,-5.79846852665773],[-15.2590040066239,-1.87104709396248,-5.79846852665773],[-16.2380526880254,-1.66742077089516,-5.76544918487977],[-17.2171013694269,-1.46379444782783,-5.76544918487977],[-18.2150031564668,-1.39904861072094,-5.77177745059163],[-19.2129049435066,-1.33430277361406,-5.77177745059161],[-19.7798086820963,-0.510518729599471,-5.75926801888534],[-20.346712420686,0.313265314415116,-5.75926801888534],[-19.9679633012766,1.23876469558539,-5.6069352173551],[-20.1804390281892,2.2159310404177,-5.61241764634975],[-20.3929147551019,3.19309738525001,-5.61241764634975],[-20.7951718327222,4.10862414264402,-5.62137713349088],[-21.1974289103425,5.02415090003804,-5.62137713349088],[-21.6622305484168,5.90956573910694,-5.64957283497316],[-22.1270321864911,6.79498057817584,-5.64957283497314],[-22.9253452789996,7.39722322556108,-5.72310055656732],[-23.7236583715081,7.99946587294632,-5.7231005565673],[-24.6882251805742,8.26330459422885,-5.83343243899388],[-25.6527919896403,8.52714331551138,-5.83343243899388],[-26.6498543663294,8.60373715985334,-5.87132207887858],[-27.6469167430185,8.68033100419531,-5.87132207887856],[-28.6446324094873,8.61277770018444,-5.88172008049737],[-29.642348075956,8.54522439617358,-5.88172008049737],[-30.6321257258769,8.68784348226324,-5.84543581051804],[-31.6219033757979,8.8304625683529,-5.84543581051803],[-32.5177950918503,9.27473504455269,-5.81507931393348],[-33.4136868079026,9.71900752075248,-5.81507931393348],[-33.9142635803626,8.85331537288835,-5.78847809144352],[-34.8928743853492,8.64759495007267,-5.63516816506969],[-35.8714851903358,8.44187452725698,-5.63516816506969],[-36.5638474953201,7.72032450221593,-5.74865041145867],[-37.2423893981828,6.9857628056516,-5.75037659500435],[-37.9209313010455,6.25120110908727,-5.75037659500435],[-38.4039483093351,5.37559013970473,-5.79537220869744],[-38.8869653176246,4.49997917032219,-5.79537220869743],[-39.0340842430622,3.51086035957291,-5.78874144822275],[-39.1812031684998,2.52174154882362,-5.78874144822275],[-39.2752952898852,1.52617805376507,-5.81777870318699],[-39.3693874112706,0.530614558706517,-5.81777870318702],[-39.6649042171757,-0.424722982389654,-5.79075457462862],[-40.2040583643277,-1.26693008614075,-5.73224619872641],[-41.0719037975678,-1.76376436837599,-5.58712882080214],[-41.939749230808,-2.26059865061123,-5.58712882080216],[-42.7266306277094,-2.8777029102064,-5.59781216868251],[-43.5135120246108,-3.49480716980156,-5.59781216868254],[-44.3738589447504,-4.00451608379682,-5.61059771432475],[-45.1994400920157,-4.56879949599336,-5.60448587861219],[-46.025021239281,-5.13308290818991,-5.60448587861219],[-46.7210308120342,-5.85111541068252,-5.64101429335533],[-47.4589511546881,-6.52600322943282,-5.63075032369967],[-48.1968714973421,-7.20089104818311,-5.63075032369967],[-48.9437194606852,-7.8658858749677,-5.63088221194118],[-49.5228063223964,-8.68115172522357,-5.6802000786444],[-50.1018931841077,-9.49641757547944,-5.68020007864439],[-50.6738646933373,-10.316691061964,-5.64960383393471],[-51.2458362025668,-11.1369645484487,-5.64960383393473],[-51.1597654532186,-12.1332535758431,-5.69892489060017],[-51.0736947038703,-13.1295426032376,-5.6989248906002],[-51.8304028529042,-13.7832954442913,-5.60010922421638],[-52.5272471495756,-13.066073005855,-5.52160497126928],[-53.224091446247,-12.3488505674187,-5.52160497126928],[-53.9209357429185,-11.6316281289824,-5.52160497126928],[-54.3048139674922,-10.7082444012191,-5.43245376263137],[-54.6886921920659,-9.78486067345572,-5.43245376263135],[-55.413866490071,-9.09629532614811,-5.49551104529741],[-56.1390407880761,-8.40772997884049,-5.49551104529741],[-56.6391054396098,-7.54174190485422,-5.49074240377657],[-57.1391700911435,-6.67575383086795,-5.49074240377657],[-57.4456064430488,-5.72386268045683,-5.45483634064186],[-57.752042794954,-4.77197153004571,-5.45483634064186],[-58.5852848545784,-4.2190631560153,-5.54075909643512],[-59.4185269142028,-3.6661547819849,-5.54075909643512],[-60.3374983413575,-3.27183065633045,-5.6066025565038],[-61.2978823900157,-3.55051054272873,-5.65443275019572],[-62.2582664386738,-3.82919042912701,-5.65443275019575],[-63.223353021938,-4.09112150174642,-5.64536859240154],[-64.1066043740305,-4.56002133009651,-5.67938186938387],[-64.8753352719679,-5.19959369234829,-5.66441349429626],[-65.6440661699053,-5.83916605460008,-5.66441349429626],[-66.192870750859,-6.67511673013319,-5.73172607464652],[-66.5550360319774,-7.60723062293409,-5.74452479687842],[-66.7698153840348,-8.58389322072813,-5.75081732752024],[-66.9845947360922,-9.56055581852216,-5.75081732752024],[-67.0539500426543,-10.5581478400679,-5.77150555714653],[-67.1233053492163,-11.5557398616136,-5.77150555714653],[-66.8628717410395,-12.5212316201139,-5.84631563051941],[-66.7149644046825,-13.5102328434962,-5.84230927486098],[-66.5670570683254,-14.4992340668786,-5.84230927486098]],