{"HalfedgeAttributes":[],"Halfedges":[[1,2,1],[3,0,0],[0,4,2],[5,1,1],[2,6,3],[7,3,2],[4,8,4],[9,5,3],[6,10,5],[11,7,4],[8,12,6],[13,9,5],[10,14,7],[15,11,6],[12,16,8],[17,13,7],[14,18,9],[19,15,8],[16,20,10],[21,17,9],[18,22,11],[23,19,10],[20,24,12],[25,21,11],[22,26,13],[27,23,12],[24,28,14],[29,25,13],[26,30,15],[31,27,14],[28,32,16],[33,29,15],[30,34,17],[35,31,16],[32,36,18],[37,33,17],[34,38,19],[39,35,18],[36,40,20],[41,37,19],[38,42,21],[43,39,20],[40,44,22],[45,41,21],[42,46,23],[47,43,22],[44,48,24],[49,45,23],[46,50,25],[51,47,24],[48,52,26],[53,49,25],[50,54,27],[55,51,26],[52,56,28],[57,53,27],[54,58,29],[59,55,28],[56,60,30],[61,57,29],[58,62,31],[63,59,30],[60,64,32],[65,61,31],[62,66,33],[67,63,32],[64,68,34],[69,65,33],[66,70,35],[71,67,34],[68,72,36],[73,69,35],[70,74,37],[75,71,36],[72,76,38],[77,73,37],[74,78,39],[79,75,38],[76,80,40],[81,77,39],[78,82,41],[83,79,40],[80,84,42],[85,81,41],[82,86,43],[87,83,42],[84,88,44],[89,85,43],[86,90,45],[91,87,44],[88,92,46],[93,89,45],[90,94,47],[95,91,46],[92,96,48],[97,93,47],[94,98,49],[99,95,48],[96,100,50],[101,97,49],[98,102,51],[103,99,50],[100,104,52],[105,101,51],[102,106,53],[107,103,52],[104,108,54],[109,105,53],[106,110,55],[111,107,54],[108,112,56],[113,109,55],[110,114,57],[115,111,56],[112,115,58],[114,113,57],[-1,118,59],[119,-1,58],[116,120,60],[121,117,59],[118,122,61],[123,119,60],[120,124,62],[125,121,61],[122,126,63],[127,123,62],[124,128,64],[129,125,63],[126,130,65],[131,127,64],[128,132,66],[133,129,65],[130,134,67],[135,131,66],[132,136,68],[137,133,67],[134,138,69],[139,135,68],[136,140,70],[141,137,69],[138,142,71],[143,139,70],[140,144,72],[145,141,71],[142,146,73],[147,143,72],[144,148,74],[149,145,73],[146,150,75],[151,147,74],[148,152,76],[153,149,75],[150,154,77],[155,151,76],[152,156,78],[157,153,77],[154,158,79],[159,155,78],[156,160,80],[161,157,79],[158,162,81],[163,159,80],[160,164,82],[165,161,81],[162,166,83],[167,163,82],[164,168,84],[169,165,83],[166,170,85],[171,167,84],[168,172,86],[173,169,85],[170,174,87],[175,171,86],[172,176,88],[177,173,87],[174,178,89],[179,175,88],[176,180,90],[181,177,89],[178,182,91],[183,179,90],[180,184,92],[185,181,91],[182,186,93],[187,183,92],[184,188,94],[189,185,93],[186,190,95],[191,187,94],[188,192,96],[193,189,95],[190,194,97],[195,191,96],[192,196,98],[197,193,97],[194,197,99],[196,195,98]],"VertexAttributes":[[11.3567337863355,5.76137422383038,-6.04260665515189],[12.3456956325867,5.61320382645138,-6.0572490146296],[13.3346574788379,5.46503342907237,-6.0572490146296],[14.323619325089,5.31686303169337,-6.0572490146296],[15.0884374428799,4.67261676922932,-6.02154545615832],[15.8532555606707,4.02837050676528,-6.02154545615831],[15.5852904718084,3.06494188400644,-5.92047171181839],[15.317325382946,2.1015132612476,-5.92047171181839],[15.0212991072766,1.14633346450078,-5.9577650313155],[14.1839175365274,0.599714671401322,-5.97382536531012],[13.3465359657781,0.0530958783018687,-5.97382536531011],[12.4743308746542,-0.436044468651375,-5.95264711759211],[11.6021257835303,-0.925184815604618,-5.95264711759211],[10.666906960714,-1.27925508186568,-5.93160323355859],[9.6714792936533,-1.37477345522926,-5.90407008376063],[8.67605162659257,-1.47029182859285,-5.90407008376063],[7.69319853010092,-1.654682150239,-5.91708115130577],[6.71034543360927,-1.83907247188515,-5.91708115130577],[6.24554921732471,-2.72449015712052,-6.00436368435152],[6.26475181695034,-3.72430577020506,-6.03573683778423],[6.28395441657596,-4.7241213832896,-6.03573683778426],[6.76593800297474,-5.60030162869701,-6.08147687685302],[6.37735764964826,-6.52171646958501,-6.08339083174972],[5.98877729632179,-7.44313131047302,-6.08339083174972],[5.67334880235203,-8.39208065853748,-6.08791803731367],[5.35792030838226,-9.34103000660195,-6.08791803731367],[5.02505024376597,-10.2840027103863,-6.07496989954564],[4.31108447933288,-10.984183320813,-6.05309004840414],[3.40735260158571,-11.4122822499679,-6.05586214998605],[2.50362072383854,-11.8403811791228,-6.05586214998605],[1.71817241958234,-11.2214539125227,-5.95783355164114],[0.93272411532614,-10.6025266459226,-5.95783355164114],[0.571196370867215,-9.67016529430698,-5.94722441190549],[0.209668626408289,-8.7378039426914,-5.94722441190549],[-0.0542612738375175,-7.77326207851118,-5.9423254695445],[-0.318191174083324,-6.80872021433097,-5.9423254695445],[-0.491804185276684,-5.82390626116805,-5.94326376734161],[-0.665417196470043,-4.83909230800514,-5.94326376734158],[-1.32725441153436,-4.08944472363238,-6.04772604284693],[-1.89401174565413,-3.26555994757358,-6.02709878727283],[-2.40878819290392,-2.40823549944622,-6.01934203903521],[-2.92356464015372,-1.55091105131887,-6.01934203903521],[-3.43990303466605,-0.694526405057373,-6.05278358693674],[-3.95624142917839,0.161858241204121,-6.05278358693674],[-4.21622922734207,1.12747014295658,-6.01321754306338],[-4.47621702550576,2.09308204470904,-6.01321754306336],[-4.35922656423525,3.08621508311412,-5.89963050872952],[-4.09881534613821,4.0517128808792,-5.91902552438644],[-3.83840412804116,5.01721067864428,-5.91902552438644],[-4.18685451499449,5.95453790423418,-5.97018447403835],[-4.53530490194782,6.89186512982409,-5.97018447403835],[-5.30924637521705,7.52512226239653,-6.05266586545967],[-6.08090527381198,8.16115885271131,-6.0523342315054],[-6.83686307743349,8.81577920004535,-6.05194074536911],[-7.59282088105501,9.47039954737939,-6.05194074536914],[-8.51898213566956,9.84752728495752,-6.07739388650486],[-9.20162752008342,10.5782770910734,-6.04020383579471],[-9.33902831145898,9.58776155735912,-6.08739008290407],[-9.42388022008229,8.59136798371315,-6.04237605835016],[-9.50873212870561,7.59497441006718,-6.04237605835014],[-9.50645692517995,6.59497699834607,-6.03863332693545],[-9.5041817216543,5.59497958662496,-6.03863332693545],[-9.25644966597948,4.62615100086217,-6.07780232845144],[-9.00871761030466,3.65732241509938,-6.07780232845143],[-9.30113508876215,2.70103165476937,-6.02806616145423],[-9.68701941090073,1.77848447986304,-6.05303975778919],[-10.0729037330393,0.855937304956706,-6.05303975778918],[-10.1475962930038,-0.141269304270266,-6.06294299872985],[-10.2222888529682,-1.13847591349724,-6.06294299872985],[-11.1947292829211,-1.37162738827961,-5.89251365314186],[-12.1902868096475,-1.46578263761931,-5.88579789041688],[-13.185844336374,-1.55993788695902,-5.88579789041687],[-14.1824925565947,-1.47813125439793,-5.88618679759387],[-15.1791407768154,-1.39632462183684,-5.88618679759385],[-16.1581894582169,-1.19269829876951,-5.8780589675774],[-17.1372381396184,-0.989071975702184,-5.8780589675774],[-18.1351399266583,-0.924326138595298,-5.87751568097421],[-19.1330417136981,-0.859580301488412,-5.87751568097421],[-19.6999454522878,-0.0357962574738256,-5.8128351590266],[-19.3211963328784,0.889703123696451,-5.76462879165977],[-18.9424472134689,1.81520250486673,-5.76462879165977],[-19.2045257758264,2.78024904631052,-5.86228080386937],[-19.4170015027391,3.75741539114283,-5.85237331103835],[-19.8192585803594,4.67294214853684,-5.92521533302651],[-20.1993360231853,5.59789681632059,-5.91679282468],[-20.5794134660111,6.52285148410434,-5.91679282468],[-21.3035825783041,7.21247391471456,-5.95741271275523],[-22.1018956708126,7.8147165620998,-5.96236605886411],[-22.9002087633211,8.41695920948503,-5.96236605886411],[-23.813822450866,8.82354257108569,-6.02072420226635],[-24.7783892599321,9.08738129236822,-6.05212847209283],[-25.7429560689983,9.35122001365075,-6.05212847209283],[-26.7400184456874,9.42781385799271,-6.0653277031074],[-27.7370808223765,9.50440770233468,-6.0653277031074],[-28.7347964888452,9.43685439832381,-6.10988758671886],[-29.732512155314,9.36930109431295,-6.10988758671886],[-30.7222898052349,9.51192018040261,-6.09794152565676],[-31.7120674551558,9.65453926649227,-6.09794152565676],[-32.6079591712082,10.0988117426921,-6.02025637224868],[-32.866002072613,11.0649452019173,-5.91601163543457]],