{"HalfedgeAttributes":[],"Halfedges":[[1,2,1],[3,0,0],[0,4,2],[5,1,1],[2,6,3],[7,3,2],[4,8,4],[9,5,3],[6,10,5],[11,7,4],[8,12,6],[13,9,5],[10,14,7],[15,11,6],[12,16,8],[17,13,7],[14,18,9],[19,15,8],[16,20,10],[21,17,9],[18,22,11],[23,19,10],[20,24,12],[25,21,11],[22,26,13],[27,23,12],[24,28,14],[29,25,13],[26,30,15],[31,27,14],[28,32,16],[33,29,15],[30,34,17],[35,31,16],[32,36,18],[37,33,17],[34,38,19],[39,35,18],[36,40,20],[41,37,19],[38,42,21],[43,39,20],[40,44,22],[45,41,21],[42,46,23],[47,43,22],[44,48,24],[49,45,23],[46,50,25],[51,47,24],[48,52,26],[53,49,25],[50,54,27],[55,51,26],[52,56,28],[57,53,27],[54,58,29],[59,55,28],[56,60,30],[61,57,29],[58,62,31],[63,59,30],[60,64,32],[65,61,31],[62,66,33],[67,63,32],[64,68,34],[69,65,33],[66,70,35],[71,67,34],[68,72,36],[73,69,35],[70,74,37],[75,71,36],[72,76,38],[77,73,37],[74,78,39],[79,75,38],[76,80,40],[81,77,39],[78,82,41],[83,79,40],[80,84,42],[85,81,41],[82,86,43],[87,83,42],[84,88,44],[89,85,43],[86,90,45],[91,87,44],[88,92,46],[93,89,45],[90,94,47],[95,91,46],[92,96,48],[97,93,47],[94,98,49],[99,95,48],[96,100,50],[101,97,49],[98,102,51],[103,99,50],[100,104,52],[105,101,51],[102,106,53],[107,103,52],[104,108,54],[109,105,53],[106,110,55],[111,107,54],[108,112,56],[113,109,55],[110,114,57],[115,111,56],[112,116,58],[117,113,57],[114,118,59],[119,115,58],[116,120,60],[121,117,59],[118,122,61],[123,119,60],[120,124,62],[125,121,61],[122,126,63],[127,123,62],[124,128,64],[129,125,63],[126,130,65],[131,127,64],[128,132,66],[133,129,65],[130,134,67],[135,131,66],[132,136,68],[137,133,67],[134,138,69],[139,135,68],[136,140,70],[141,137,69],[138,142,71],[143,139,70],[140,144,72],[145,141,71],[142,146,73],[147,143,72],[144,148,74],[149,145,73],[146,150,75],[151,147,74],[148,152,76],[153,149,75],[150,154,77],[155,151,76],[152,156,78],[157,153,77],[154,158,79],[159,155,78],[156,160,80],[161,157,79],[158,162,81],[163,159,80],[160,164,82],[165,161,81],[162,166,83],[167,163,82],[164,168,84],[169,165,83],[166,170,85],[171,167,84],[168,172,86],[173,169,85],[170,174,87],[175,171,86],[172,176,88],[177,173,87],[174,178,89],[179,175,88],[176,180,90],[181,177,89],[178,182,91],[183,179,90],[180,184,92],[185,181,91],[182,186,93],[187,183,92],[184,188,94],[189,185,93],[186,190,95],[191,187,94],[188,192,96],[193,189,95],[190,194,97],[195,191,96],[192,196,98],[197,193,97],[194,197,99],[196,195,98]],"VertexAttributes":[[-31.3045262326204,5.57624943271584,-4.78115247070852],[-32.2943722089776,5.43410534001623,-4.76890336773329],[-33.2842181853348,5.29196124731663,-4.76890336773332],[-34.2740641616921,5.14981715461702,-4.7689033677333],[-34.6097713205785,4.20785075209919,-4.90807380569247],[-35.1184775066547,3.34691055891047,-4.90525627649468],[-35.6271836927309,2.48597036572174,-4.90525627649467],[-35.964055889193,1.54441998297489,-4.92541154844081],[-36.3009280856552,0.602869600228034,-4.92541154844081],[-36.5705912413848,-0.360085114409123,-4.92820856002923],[-36.8402543971145,-1.32303982904628,-4.92820856002923],[-37.5307433379357,-2.04638277855473,-4.75424168659478],[-38.3227156814828,-2.6569397431834,-4.71884364486201],[-39.144553902129,-3.22666067406537,-4.71377060968965],[-39.9663921227753,-3.79638160494735,-4.71377060968963],[-40.7855889746143,-4.36989404416469,-4.72323766198062],[-41.4696597063366,-5.09930972400774,-4.77466710492658],[-42.2449254740245,-5.73094489517161,-4.76834832330812],[-43.0497007093448,-6.32452456178357,-4.78001337890778],[-43.8544759446651,-6.91810422839553,-4.78001337890778],[-44.6339629647326,-7.54452260739347,-4.78280044641932],[-45.3243247333816,-8.26798693159186,-4.79750927703306],[-46.0146865020305,-8.99145125579026,-4.79750927703306],[-46.3262149283484,-9.94168808921439,-4.82893481208639],[-46.6377433546663,-10.8919249226385,-4.82893481208639],[-46.931894062914,-11.8476839722098,-4.83226791705795],[-47.2260447711617,-12.8034430217811,-4.83226791705792],[-47.117351563556,-13.7975183643082,-4.89835374782018],[-47.0086583559504,-14.7915937068353,-4.89835374782017],[-46.6397866419683,-15.7210740232616,-4.97196884064974],[-46.1986643261491,-16.6185210147248,-4.9666851368241],[-45.7575420103299,-17.5159680061879,-4.9666851368241],[-46.2013807933578,-18.4120746598181,-5.04779447199392],[-46.6452195763857,-19.3081813134483,-5.04779447199392],[-47.5960598455987,-18.9984995696484,-4.9825133756226],[-48.3116911387427,-18.3000213292764,-5.01770577813038],[-49.0273224318867,-17.6015430889045,-5.01770577813041],[-49.7429537250306,-16.9030648485325,-5.01770577813039],[-50.6059405732798,-16.3978384638801,-5.03244217531798],[-51.468927421529,-15.8926120792277,-5.03244217531801],[-52.3319142697781,-15.3873856945753,-5.032442175318],[-53.2471910114606,-14.9845600671194,-5.13985794032949],[-54.162467753143,-14.5817344396636,-5.13985794032948],[-54.74709884964,-13.770435184759,-5.07130405377475],[-55.1595459111421,-12.8594536144414,-5.0580375772376],[-55.5719929726442,-11.9484720441239,-5.0580375772376],[-55.955871197218,-11.0250883163605,-5.06971172047596],[-56.5784282030522,-10.2425138633615,-5.10426748673154],[-57.2901462022593,-9.54004856912653,-5.1200988170703],[-58.0018642014664,-8.83758327489158,-5.12009881707029],[-58.3377632369559,-7.89568527725211,-5.05250900966159],[-58.6736622724454,-6.95378727961263,-5.05250900966159],[-59.0091615371032,-6.01174681157846,-5.04996093188733],[-59.3446608017611,-5.06970634354429,-5.04996093188733],[-60.1779028613854,-4.51679796951388,-5.18962290515874],[-61.1749410621053,-4.5937058774643,-5.30587552201392],[-62.1719792628252,-4.67061378541472,-5.30587552201391],[-63.0552306149177,-5.13951361376481,-5.36189100084738],[-63.9384819670102,-5.6084134421149,-5.36189100084741],[-64.4872865479639,-6.44436411764802,-5.40561677243217],[-65.0360911289175,-7.28031479318113,-5.40561677243215],[-65.3176922353402,-8.23984635434081,-5.42318704204588],[-65.5992933417629,-9.19937791550049,-5.42318704204587],[-65.633028239601,-10.1988087318494,-5.45677261470449],[-65.666763137439,-11.1982395481983,-5.45677261470448],[-65.5533793978075,-12.1917908189374,-5.49068465164054],[-65.439995658176,-13.1853420896764,-5.49068465164052],[-65.3447394905257,-14.1807948823917,-5.50056329751122],[-65.2716669452934,-15.1781215104997,-5.50821849902695],[-65.1985944000611,-16.1754481386076,-5.50821849902695],[-65.1936921942633,-17.1754361227246,-5.50410740192123],[-65.1887899884655,-18.1754241068416,-5.50410740192123],[-65.3485009675417,-19.162587924636,-5.46336830308782],[-65.6972187783566,-20.099815692268,-5.45037776728761],[-66.0459365891714,-21.0370434599001,-5.45037776728759],[-67.0331285470363,-21.1965804096231,-5.31731496111313],[-68.0203205049012,-21.3561173593462,-5.31731496111315],[-69.0180234279167,-21.2883761059903,-5.30701305336987],[-70.0157263509323,-21.2206348526344,-5.3070130533699],[-71.003837325362,-21.374377176708,-5.32749027617409],[-71.9919482997917,-21.5281195007815,-5.32749027617407],[-72.7692130241762,-22.1572932035278,-5.33265515101897],[-73.5464777485607,-22.7864669062742,-5.33265515101897],[-73.5760921139058,-23.7860283047711,-5.49452187624351],[-73.605706479251,-24.7855897032681,-5.4945218762435],[-73.2877184865264,-25.7336844435145,-5.51520228187991],[-72.9697304938018,-26.681779183761,-5.51520228187991],[-72.4033043312207,-27.5058916775042,-5.52480113482018],[-71.8368781686396,-28.3300041712474,-5.52480113482017],[-71.858905477894,-29.3297615406361,-5.51596118985609],[-71.8071648081295,-30.3284220951251,-5.52057913714057],[-71.9935923993015,-31.3108907985706,-5.50597853766114],[-72.2805295074932,-32.2688402210051,-5.51053070779706],[-72.5674666156849,-33.2267896434396,-5.51053070779709],[-72.814274754215,-34.1958540080487,-5.51429580118374],[-73.0610828927451,-35.1649183726578,-5.51429580118376],[-72.7738369629229,-36.1227752386877,-5.62445063172314],[-72.0057016782881,-36.7630628182166,-5.64308230928629],[-71.2375663936532,-37.4033503977454,-5.64308230928631],[-70.2755753680463,-37.6764314601642,-5.73037012261905]],