{"HalfedgeAttributes":[],"Halfedges":[[1,2,1],[3,0,0],[0,4,2],[5,1,1],[2,6,3],[7,3,2],[4,8,4],[9,5,3],[6,10,5],[11,7,4],[8,12,6],[13,9,5],[10,14,7],[15,11,6],[12,16,8],[17,13,7],[14,18,9],[19,15,8],[16,20,10],[21,17,9],[18,22,11],[23,19,10],[20,24,12],[25,21,11],[22,26,13],[27,23,12],[24,28,14],[29,25,13],[26,30,15],[31,27,14],[28,32,16],[33,29,15],[30,34,17],[35,31,16],[32,36,18],[37,33,17],[34,38,19],[39,35,18],[36,40,20],[41,37,19],[38,42,21],[43,39,20],[40,44,22],[45,41,21],[42,46,23],[47,43,22],[44,48,24],[49,45,23],[46,50,25],[51,47,24],[48,52,26],[53,49,25],[50,54,27],[55,51,26],[52,56,28],[57,53,27],[54,58,29],[59,55,28],[56,60,30],[61,57,29],[58,62,31],[63,59,30],[60,64,32],[65,61,31],[62,66,33],[67,63,32],[64,68,34],[69,65,33],[66,70,35],[71,67,34],[68,72,36],[73,69,35],[70,74,37],[75,71,36],[72,76,38],[77,73,37],[74,78,39],[79,75,38],[76,80,40],[81,77,39],[78,82,41],[83,79,40],[80,84,42],[85,81,41],[82,86,43],[87,83,42],[84,88,44],[89,85,43],[86,90,45],[91,87,44],[88,92,46],[93,89,45],[90,94,47],[95,91,46],[92,96,48],[97,93,47],[94,98,49],[99,95,48],[96,100,50],[101,97,49],[98,102,51],[103,99,50],[100,104,52],[105,101,51],[102,106,53],[107,103,52],[104,108,54],[109,105,53],[106,110,55],[111,107,54],[108,112,56],[113,109,55],[110,114,57],[115,111,56],[112,116,58],[117,113,57],[114,118,59],[119,115,58],[116,120,60],[121,117,59],[118,122,61],[123,119,60],[120,124,62],[125,121,61],[122,125,63],[124,123,62],[-1,128,64],[129,-1,63],[126,130,65],[131,127,64],[128,132,66],[133,129,65],[130,134,67],[135,131,66],[132,136,68],[137,133,67],[134,138,69],[139,135,68],[136,140,70],[141,137,69],[138,142,71],[143,139,70],[140,144,72],[145,141,71],[142,146,73],[147,143,72],[144,148,74],[149,145,73],[146,150,75],[151,147,74],[148,152,76],[153,149,75],[150,154,77],[155,151,76],[152,156,78],[157,153,77],[154,158,79],[159,155,78],[156,160,80],[161,157,79],[158,162,81],[163,159,80],[160,164,82],[165,161,81],[162,166,83],[167,163,82],[164,168,84],[169,165,83],[166,170,85],[171,167,84],[168,172,86],[173,169,85],[170,174,87],[175,171,86],[172,176,88],[177,173,87],[174,178,89],[179,175,88],[176,180,90],[181,177,89],[178,182,91],[183,179,90],[180,184,92],[185,181,91],[182,186,93],[187,183,92],[184,188,94],[189,185,93],[186,190,95],[191,187,94],[188,192,96],[193,189,95],[190,194,97],[195,191,96],[192,196,98],[197,193,97],[194,197,99],[196,195,98]],"VertexAttributes":[[-5.64567466955172,-21.6634536665844,-5.42347108942072],[-6.31154025539111,-22.4095253934276,-5.23769195845584],[-6.97740584123049,-23.1555971202708,-5.23769195845584],[-6.89536807476754,-24.1522263416334,-5.07563950120736],[-6.49370423097089,-25.0680135202871,-5.01945400246203],[-5.72356329185587,-25.7058872804458,-5.01047196265081],[-4.95342235274084,-26.3437610406045,-5.01047196265084],[-4.09617438524798,-26.8586648396091,-4.97645615621077],[-3.27759361719328,-26.2842733997608,-4.8081674566194],[-2.45901284913858,-25.7098819599125,-4.80816745661939],[-1.48448283322047,-25.4856248572945,-4.86822031955188],[-0.509952817302358,-25.2613677546764,-4.86822031955187],[0.406334835073219,-24.8608469211308,-4.86518466825997],[1.3226224874488,-24.4603260875852,-4.86518466825997],[2.32078697445187,-24.3997649045891,-4.8502642648626],[3.31895146145494,-24.3392037215929,-4.8502642648626],[4.13117710113526,-24.9225471112408,-4.85755399133006],[4.94340274081558,-25.5058905008887,-4.85755399133006],[5.7556283804959,-26.0892338905366,-4.85755399133006],[6.06460257976747,-27.0403043107393,-4.88479918512171],[6.37357677903903,-27.991374730942,-4.88479918512174],[6.79525023034958,-28.8981224910494,-4.86703555264229],[7.21692368166013,-29.8048702511568,-4.86703555264229],[7.57117372693487,-30.7400209905689,-4.94209366815407],[7.95876876711703,-31.6618507388555,-4.9286422155045],[8.42679884706761,-32.5455632737114,-4.86533654830285],[8.89482892701819,-33.4292758085673,-4.86533654830285],[9.14152690194124,-34.3983682237522,-4.92072301255585],[9.40648365732341,-35.3626285194075,-4.89597029522527],[10.0446680077157,-36.1325121047075,-4.88196977155603],[10.709926961374,-36.8791248052273,-4.87539035681971],[11.3751859150323,-37.6257375057471,-4.87539035681971],[11.5759274314563,-36.646093262369,-4.90724836853209],[11.7766689478802,-35.6664490189909,-4.90724836853212],[11.749863587755,-34.666808347215,-4.94337534168915],[11.7230582276299,-33.6671676754391,-4.94337534168913],[11.6635375327528,-32.6689406036357,-4.98755198013683],[11.6040168378757,-31.6707135318322,-4.98755198013683],[11.6294371729072,-30.6710366807614,-5.05202838953538],[11.6026705733743,-29.6713949703724,-5.06000991914171],[11.5759039738414,-28.6717532599834,-5.06000991914169],[11.4905908904001,-27.675399067041,-5.05056761974251],[11.4052778069589,-26.6790448740987,-5.05056761974249],[11.3235531030886,-25.6823899324176,-5.0685774468123],[11.3857109135397,-24.6843235986502,-5.05171627427123],[11.3401332625738,-23.6853627997535,-5.03027893209523],[11.2609228923138,-22.688504877458,-4.97152675476025],[11.2569733404868,-21.6885126769682,-4.97928650704293],[11.215000323236,-20.6893939323623,-4.85727172052513],[11.4687460530346,-19.7221229751797,-4.85774614387255],[11.8329380746025,-18.7907990941231,-4.8666842031576],[12.3450237646316,-17.9318647275575,-4.89068369539034],[12.8571094546606,-17.0729303609919,-4.89068369539034],[13.0173184022685,-16.0858472372853,-4.84466022119824],[13.1775273498763,-15.0987641135787,-4.84466022119824],[12.9740702564458,-14.1196802504021,-4.76557075196794],[12.7706131630153,-13.1405963872255,-4.76557075196794],[12.5611736155058,-12.1627747900315,-4.75398320815141],[12.5199658863139,-11.1636241892436,-4.76388162296641],[12.478758157122,-10.1644735884557,-4.76388162296639],[12.965214930895,-9.29076894313761,-4.85628346826408],[13.451671704668,-8.41706429781953,-4.85628346826407],[14.3948312653988,-8.08472404596603,-4.95888554005633],[15.3379908261296,-7.75238379411253,-4.95888554005633],[16.2811503868604,-7.42004354225903,-4.95888554005633],[17.2800461783423,-7.46702436557765,-5.05069688145923],[18.2789419698243,-7.51400518889626,-5.05069688145922],[19.2789387115621,-7.51655793519524,-5.00104856629432],[20.2789354533,-7.51911068149422,-5.00104856629432],[20.9308639039615,-6.76083019564607,-4.8395120334783],[21.3754779165986,-5.86510792855278,-4.81365756471776],[21.8200919292357,-4.96938566145949,-4.81365756471776],[21.4499922380174,-4.0403936170586,-4.82192018930296],[21.5190623802195,-3.04278181106581,-4.84653704253469],[21.650796563886,-2.05149673357614,-4.84603973754088],[22.4398792961285,-1.43720979599996,-4.82069158454708],[23.228962028371,-0.822922858423781,-4.82069158454711],[24.0180447606134,-0.208635920847604,-4.82069158454709],[24.441358964594,-1.11461885926769,-5.01411833057796],[25.0251735166887,-1.9265059011414,-4.96640356117156],[25.6089880687835,-2.7383929430151,-4.96640356117156],[25.66117494472,-3.73703027957927,-4.99515734303661],[25.7133618206565,-4.73566761614345,-4.9951573430366],[25.3408212496343,-5.66368352276489,-5.05948370688306],[26.300167447215,-5.9459154720326,-4.97675545612636],[27.2444583884248,-6.27502733500481,-5.05291353364223],[28.1887493296347,-6.60413919797702,-5.05291353364223],[29.1881809792491,-6.5704289955302,-4.95637899399318],[30.1876126288635,-6.53671879308337,-4.95637899399318],[31.1607760546568,-6.76683386581476,-5.02078624609824],[32.1339394804502,-6.99694893854614,-5.02078624609824],[32.875293080613,-7.66806356327551,-5.13543320442177],[33.4600502790188,-8.47927193287768,-5.19217413299607],[34.0448074774245,-9.29048030247986,-5.1921741329961],[34.2212327323918,-10.2747943425147,-5.2579386416275],[34.3976579873591,-11.2591083825496,-5.2579386416275],[34.0753953041564,-12.2057586680378,-5.37702523769256],[33.7531326209536,-13.1524089535261,-5.37702523769254],[33.5625839256448,-14.1340866983671,-5.35693801929456],[33.2902751995017,-15.0962966326674,-5.41991138596701]],