{"HalfedgeAttributes":[],"Halfedges":[[1,2,1],[3,0,0],[0,4,2],[5,1,1],[2,6,3],[7,3,2],[4,8,4],[9,5,3],[6,10,5],[11,7,4],[8,12,6],[13,9,5],[10,14,7],[15,11,6],[12,16,8],[17,13,7],[14,18,9],[19,15,8],[16,20,10],[21,17,9],[18,22,11],[23,19,10],[20,24,12],[25,21,11],[22,26,13],[27,23,12],[24,28,14],[29,25,13],[26,30,15],[31,27,14],[28,32,16],[33,29,15],[30,34,17],[35,31,16],[32,36,18],[37,33,17],[34,38,19],[39,35,18],[36,40,20],[41,37,19],[38,42,21],[43,39,20],[40,44,22],[45,41,21],[42,46,23],[47,43,22],[44,48,24],[49,45,23],[46,50,25],[51,47,24],[48,52,26],[53,49,25],[50,54,27],[55,51,26],[52,56,28],[57,53,27],[54,-1,29],[-1,55,28],[59,60,30],[61,58,29],[58,62,31],[63,59,30],[60,64,32],[65,61,31],[62,66,33],[67,63,32],[64,68,34],[69,65,33],[66,70,35],[71,67,34],[68,72,36],[73,69,35],[70,74,37],[75,71,36],[72,76,38],[77,73,37],[74,78,39],[79,75,38],[76,80,40],[81,77,39],[78,82,41],[83,79,40],[80,84,42],[85,81,41],[82,86,43],[87,83,42],[84,88,44],[89,85,43],[86,90,45],[91,87,44],[88,92,46],[93,89,45],[90,94,47],[95,91,46],[92,96,48],[97,93,47],[94,98,49],[99,95,48],[96,100,50],[101,97,49],[98,102,51],[103,99,50],[100,104,52],[105,101,51],[102,106,53],[107,103,52],[104,108,54],[109,105,53],[106,110,55],[111,107,54],[108,112,56],[113,109,55],[110,114,57],[115,111,56],[112,116,58],[117,113,57],[114,118,59],[119,115,58],[116,120,60],[121,117,59],[118,122,61],[123,119,60],[120,124,62],[125,121,61],[122,126,63],[127,123,62],[124,128,64],[129,125,63],[126,130,65],[131,127,64],[128,132,66],[133,129,65],[130,134,67],[135,131,66],[132,136,68],[137,133,67],[134,138,69],[139,135,68],[136,140,70],[141,137,69],[138,142,71],[143,139,70],[140,144,72],[145,141,71],[142,146,73],[147,143,72],[144,148,74],[149,145,73],[146,150,75],[151,147,74],[148,152,76],[153,149,75],[150,154,77],[155,151,76],[152,156,78],[157,153,77],[154,158,79],[159,155,78],[156,160,80],[161,157,79],[158,162,81],[163,159,80],[160,164,82],[165,161,81],[162,166,83],[167,163,82],[164,168,84],[169,165,83],[166,170,85],[171,167,84],[168,172,86],[173,169,85],[170,174,87],[175,171,86],[172,176,88],[177,173,87],[174,178,89],[179,175,88],[176,180,90],[181,177,89],[178,182,91],[183,179,90],[180,184,92],[185,181,91],[182,186,93],[187,183,92],[184,188,94],[189,185,93],[186,190,95],[191,187,94],[188,192,96],[193,189,95],[190,194,97],[195,191,96],[192,196,98],[197,193,97],[194,197,99],[196,195,98]],"VertexAttributes":[[9.3664262136645,5.95803577616962,-6.04260665515189],[8.371272427329,6.05636655233924,-6.04260665515191],[7.46931861355398,6.48819906364043,-6.15380362967419],[6.92349981833288,7.32610230553856,-6.2173664008961],[6.89634598642926,8.32573357226292,-6.22950222175555],[6.78921314935673,9.31997828822614,-6.16309704618619],[6.6820803122842,10.3142230041894,-6.16309704618618],[6.15366776406345,11.1632107419588,-6.08794629431547],[5.6252552158427,12.0121984797282,-6.08794629431547],[5.11435083841134,12.8718360295837,-6.08786603710303],[4.74891093460931,13.8026709648483,-6.11719340675035],[4.68384191937109,14.8005517309,-6.15016596967288],[4.98756194246033,15.7533130586074,-6.16652141651785],[5.29128196554956,16.7060743863147,-6.16652141651788],[5.06348858782486,17.6797838794721,-6.17387834456815],[4.93052883891676,18.670905317627,-6.17290302395004],[5.27210468427506,19.6107595307195,-6.21973060844327],[5.64862143662127,20.5371693402545,-6.24239273404297],[6.47187446087292,21.104843946046,-6.3506177523978],[7.29512748512458,21.6725185518375,-6.3506177523978],[7.88949364303611,22.4767130994001,-6.2737537151426],[8.48385980094764,23.2809076469628,-6.27375371514263],[8.82055740274628,24.222520478727,-6.29208686916611],[9.15725500454492,25.1641333104912,-6.29208686916611],[8.16081336174453,25.2484188519159,-6.29565434873862],[7.16437171894414,25.3327043933406,-6.29565434873862],[6.28561203499169,25.80996890895,-6.29058823623986],[5.40685235103924,26.2872334245593,-6.29058823623986],[4.52809266708679,26.7644979401686,-6.29058823623986],[3.53201318020609,26.6760352032932,-6.1983118129984],[2.5359336933254,26.5875724664177,-6.1983118129984],[1.53748334027902,26.6432221968893,-6.14872753422978],[0.63086196564721,27.0651673154305,-6.165148580017],[0.319486149801302,28.0154541675474,-6.21646746323299],[0.00811033395539351,28.9657410196643,-6.21646746323302],[-0.477408288536791,29.8399673446016,-6.20189278611797],[-0.962926911028975,30.7141936695389,-6.20189278611797],[-1.95557387614706,30.8352391264625,-6.14729785833541],[-2.94822084126514,30.9562845833862,-6.14729785833541],[-3.87142529032744,30.5719754041677,-6.1308497969614],[-4.79462973938974,30.1876662249492,-6.13084979696143],[-5.71783418845203,29.8033570457307,-6.13084979696141],[-6.66226908812601,30.1320555706404,-6.30375562994723],[-7.62294540939337,30.4097262492441,-6.29457938987257],[-8.61798878659949,30.5091680788643,-6.25151200320377],[-9.61303216380562,30.6086099084846,-6.2515120032038],[-10.6129769228569,30.5980990167096,-6.22877480331448],[-11.6129216819082,30.5875881249346,-6.22877480331448],[-12.6049879529559,30.7133041296809,-6.25703376128602],[-13.5970542240037,30.8390201344271,-6.25703376128602],[-14.5331997376636,31.190632957365,-6.29158922611289],[-15.4693452513236,31.5422457803029,-6.29158922611289],[-16.3570987479283,32.0025649405235,-6.32457202874767],[-16.5078748942827,32.9911328712649,-6.39193997831185],[-16.6586510406372,33.9797008020064,-6.39193997831188],[-16.5193222668876,34.9699469798862,-6.4334376729125],[-16.379993493138,35.9601931577659,-6.4334376729125],[-15.9971567660522,36.8840091786241,-6.47524253814757],[-15.4009886918106,37.6868688346382,-6.48234237131233],[-14.804820617569,38.4897284906523,-6.48234237131233],[-14.0422307456634,39.1366107730398,-6.46630811060518],[-13.2796408737577,39.7834930554274,-6.46630811060518],[-12.517051001852,40.4303753378149,-6.46630811060518],[-11.7344182109462,41.0528590039451,-6.45827747159539],[-10.9517854200404,41.6753426700754,-6.45827747159537],[-10.0812777265097,42.1674974785492,-6.47586192332511],[-9.26204222249421,42.7409547035979,-6.45528857399415],[-8.44280671847875,43.3144119286465,-6.45528857399415],[-7.66814925769366,43.946792999244,-6.4466278772416],[-7.2517475347683,44.8559737321815,-6.40329301666101],[-6.83534581184294,45.765154465119,-6.40329301666101],[-5.90419673283221,46.1297931803667,-6.39689593760937],[-4.97304765382148,46.4944318956144,-6.39689593760937],[-4.04189857481075,46.859070610862,-6.39689593760937],[-3.0738028600985,46.6084899109752,-6.4418531242157],[-2.10570714538625,46.3579092110884,-6.44185312421573],[-1.40094082922034,45.6484696861125,-6.41630301570738],[-0.69617451305443,44.9390301611367,-6.41630301570737],[-1.68128890858609,44.7671301096059,-6.46767535199207],[-1.7451049040736,43.7691684276161,-6.42728543411985],[-1.80892089956111,42.7712067456263,-6.42728543411988],[-0.979795207067474,42.2121445075463,-6.28963304026996],[-0.150669514573837,41.6530822694664,-6.28963304026996],[0.769937799022126,41.2625926099956,-6.19777529393072],[1.69054511261809,40.8721029505248,-6.19777529393075],[2.68881707669694,40.9308659127897,-6.16279704799318],[3.6870890407758,40.9896288750546,-6.16279704799318],[3.8422487788419,41.9775182695129,-6.12288938576826],[3.85057713799071,42.9774835881285,-6.16868700431009],[3.85890549713951,43.977448906744,-6.16868700431009],[3.44792534968096,44.8890932005313,-6.13369565845184],[3.0369452022224,45.8007374943186,-6.13369565845184],[2.42376887887968,46.590683566207,-6.10026816725153],[1.81059255553697,47.3806296380954,-6.10026816725156],[1.48827405280735,48.3272609194284,-6.13155255894766],[1.16595555007773,49.2738922007614,-6.13155255894766],[1.54903719689849,50.197606686882,-6.21341596991907],[2.03557947958454,51.071263717506,-6.22794421782291],[2.12817383571584,52.0669676319367,-6.17138544945863],[1.84715247639285,53.0266691457441,-6.16871322803844]],