{"HalfedgeAttributes":[],"Halfedges":[[1,2,1],[3,0,0],[0,4,2],[5,1,1],[2,6,3],[7,3,2],[4,8,4],[9,5,3],[6,10,5],[11,7,4],[8,12,6],[13,9,5],[10,14,7],[15,11,6],[12,16,8],[17,13,7],[14,18,9],[19,15,8],[16,20,10],[21,17,9],[18,22,11],[23,19,10],[20,24,12],[25,21,11],[22,26,13],[27,23,12],[24,28,14],[29,25,13],[26,30,15],[31,27,14],[28,32,16],[33,29,15],[30,34,17],[35,31,16],[32,36,18],[37,33,17],[34,38,19],[39,35,18],[36,40,20],[41,37,19],[38,42,21],[43,39,20],[40,44,22],[45,41,21],[42,46,23],[47,43,22],[44,48,24],[49,45,23],[46,50,25],[51,47,24],[48,52,26],[53,49,25],[50,54,27],[55,51,26],[52,56,28],[57,53,27],[54,58,29],[59,55,28],[56,60,30],[61,57,29],[58,62,31],[63,59,30],[60,64,32],[65,61,31],[62,66,33],[67,63,32],[64,68,34],[69,65,33],[66,70,35],[71,67,34],[68,72,36],[73,69,35],[70,74,37],[75,71,36],[72,76,38],[77,73,37],[74,78,39],[79,75,38],[76,80,40],[81,77,39],[78,82,41],[83,79,40],[80,84,42],[85,81,41],[82,86,43],[87,83,42],[84,88,44],[89,85,43],[86,90,45],[91,87,44],[88,92,46],[93,89,45],[90,94,47],[95,91,46],[92,96,48],[97,93,47],[94,98,49],[99,95,48],[96,100,50],[101,97,49],[98,102,51],[103,99,50],[100,104,52],[105,101,51],[102,106,53],[107,103,52],[104,108,54],[109,105,53],[106,110,55],[111,107,54],[108,112,56],[113,109,55],[110,114,57],[115,111,56],[112,116,58],[117,113,57],[114,118,59],[119,115,58],[116,120,60],[121,117,59],[118,122,61],[123,119,60],[120,124,62],[125,121,61],[122,126,63],[127,123,62],[124,128,64],[129,125,63],[126,130,65],[131,127,64],[128,132,66],[133,129,65],[130,134,67],[135,131,66],[132,136,68],[137,133,67],[134,138,69],[139,135,68],[136,140,70],[141,137,69],[138,142,71],[143,139,70],[140,144,72],[145,141,71],[142,146,73],[147,143,72],[144,148,74],[149,145,73],[146,150,75],[151,147,74],[148,152,76],[153,149,75],[150,154,77],[155,151,76],[152,156,78],[157,153,77],[154,158,79],[159,155,78],[156,160,80],[161,157,79],[158,162,81],[163,159,80],[160,164,82],[165,161,81],[162,166,83],[167,163,82],[164,168,84],[169,165,83],[166,170,85],[171,167,84],[168,172,86],[173,169,85],[170,174,87],[175,171,86],[172,176,88],[177,173,87],[174,178,89],[179,175,88],[176,180,90],[181,177,89],[178,182,91],[183,179,90],[180,184,92],[185,181,91],[182,186,93],[187,183,92],[184,188,94],[189,185,93],[186,190,95],[191,187,94],[188,192,96],[193,189,95],[190,194,97],[195,191,96],[192,196,98],[197,193,97],[194,197,99],[196,195,98]],"VertexAttributes":[[-3.67868333044828,-21.3015903334156,-5.42347108942072],[-2.69518766089656,-21.1206586668312,-5.42347108942074],[-1.8735827215825,-21.6907159654378,-5.42104402569204],[-1.05197778226843,-22.2607732640445,-5.42104402569203],[-0.230372842954369,-22.8308305626512,-5.42104402569203],[-0.962092463119309,-23.5124363119415,-5.27806677235112],[-1.8542868524804,-23.9640879161594,-5.26508002674073],[-2.74648124184149,-24.4157395203773,-5.26508002674076],[-3.7210112577596,-24.6399966229954,-5.21673140974983],[-4.67107948111211,-24.9520388813128,-5.21807219791224],[-5.62114770446461,-25.2640811396302,-5.21807219791224],[-6.39128864357963,-24.6262073794714,-5.09040946787006],[-7.16142958269466,-23.9883336193127,-5.09040946787006],[-7.24346734915761,-22.9917043979501,-5.00069377659857],[-7.32550511562056,-21.9950751765876,-5.00069377659857],[-6.62907304450192,-21.2774524551542,-4.85006071767124],[-5.96320745866254,-20.531380728311,-4.85948809919221],[-5.37385712335154,-19.7235031495475,-4.8692602516481],[-4.78450678804054,-18.915625570784,-4.8692602516481],[-3.97125734553648,-18.3337103327408,-4.80264896065459],[-3.15800790303243,-17.7517950946976,-4.80264896065459],[-2.34475846052838,-17.1698798566545,-4.80264896065459],[-1.85168074279,-16.2998945899574,-4.86050347332758],[-1.35860302505162,-15.4299093232604,-4.86050347332757],[-1.92962525669425,-14.6089747272237,-4.91746905239218],[-2.50064748833687,-13.7880401311871,-4.91746905239218],[-3.08300435622716,-12.9751068753653,-4.91020421742201],[-3.39852875201331,-12.0261894102168,-4.88313679640932],[-3.4836894224889,-11.0298221786179,-4.86891494777474],[-3.56885009296448,-10.0334549470189,-4.86891494777474],[-3.98047130506313,-9.12209992412694,-4.90949431081059],[-4.39209251716179,-8.21074490123496,-4.90949431081062],[-4.8776686846911,-7.33655053753342,-4.93199054678487],[-5.36324485222041,-6.46235617383188,-4.9319905467849],[-5.86035750772329,-5.59467016625835,-4.94710254244322],[-6.35747016322616,-4.72698415868483,-4.9471025424432],[-7.13300003959373,-4.09567329163017,-5.02053066755506],[-8.13298989345161,-4.10017797600239,-5.05780604609382],[-9.13297974730949,-4.10468266037462,-5.0578060460938],[-10.0289199355211,-4.54885737729057,-5.07597405821424],[-10.9248601237327,-4.99303209420652,-5.07597405821424],[-11.8208003119443,-5.43720681112247,-5.07597405821424],[-12.7822088855631,-5.71233142756425,-5.03304019887106],[-13.7310072703754,-6.02821372364563,-5.03144582819885],[-14.5991730818581,-5.53193948114211,-4.95425526155384],[-15.5746074034607,-5.31164902687814,-4.96451604352075],[-16.4765624398638,-4.87981906924784,-4.91488401017506],[-17.378517476267,-4.44798911161755,-4.91488401017509],[-18.3776985518111,-4.4884511713098,-4.96707100583238],[-19.3768796273552,-4.52891323100205,-4.96707100583241],[-20.3226403222575,-4.85377736872413,-4.98878441397386],[-21.2684010171598,-5.17864150644621,-4.98878441397385],[-22.266811215232,-5.1222759461686,-5.02824769982014],[-23.2652214133042,-5.06591038589099,-5.02824769982014],[-23.45949734347,-4.08496346431052,-5.0231757347168],[-23.6537732736358,-3.10401654273004,-5.0231757347168],[-23.6511405246044,-2.10402000841978,-4.98308973803481],[-23.513428265184,-1.11354773035981,-4.97662345963116],[-23.3757160057636,-0.12307545229983,-4.97662345963116],[-23.2447443085037,0.868310655388229,-4.96260103844139],[-23.1137726112439,1.85969676307629,-4.96260103844138],[-23.429942612234,2.8083993141817,-5.03991215966408],[-23.8022000544208,3.73652882924766,-5.05153657425667],[-24.4247338661281,4.51912173317737,-5.07604940955038],[-25.0472676778354,5.30171463710709,-5.07604940955036],[-25.7125209077449,6.048332437655,-5.12131484923253],[-26.6356826490659,6.43274419522907,-5.23098285153765],[-27.6320478384447,6.51792875600263,-5.27330037396661],[-28.6169203178998,6.69120945086481,-5.21488280597782],[-29.601792797355,6.86449014572699,-5.21488280597782],[-30.5996151425824,6.93044897655935,-5.21756243079537],[-31.5974374878099,6.99640780739171,-5.2175624307954],[-32.5833634671284,7.16359023261893,-5.21675944128933],[-33.5692894464469,7.33077265784615,-5.21675944128933],[-34.5633693475425,7.22212114962955,-5.23126696683126],[-35.5574492486381,7.11346964141295,-5.23126696683124],[-36.2359911515008,6.37890794484862,-5.29289876518791],[-36.9145330543635,5.64434624828429,-5.29289876518794],[-36.9589833025191,4.64533464903286,-5.4305237606885],[-37.0034335506748,3.64632304978143,-5.4305237606885],[-37.3665452730607,2.71457744229732,-5.34017147280501],[-37.4606373944461,1.71901394723877,-5.35684956157756],[-37.5547295158315,0.72345045218022,-5.35684956157755],[-37.8502463217365,-0.231887088915951,-5.31653576548197],[-38.1457631276416,-1.18722463001212,-5.31653576548197],[-38.9377354711886,-1.79778159464079,-5.15039891933536],[-39.7297078147357,-2.40833855926945,-5.15039891933536],[-40.5489046665747,-2.98185099848679,-5.10662774426105],[-41.3681015184138,-3.55536343770413,-5.10662774426103],[-42.1872983702528,-4.12887587692147,-5.10662774426103],[-42.9625641379407,-4.76051104808534,-5.15664562024877],[-43.7378299056287,-5.39214621924921,-5.15664562024875],[-44.563411052894,-5.95642963144576,-5.14585610750959],[-45.3428980729614,-6.5828480104437,-5.15244137614445],[-46.1223850930288,-7.20926638944163,-5.15244137614444],[-46.8603054356827,-7.88415420819193,-5.16992666670713],[-47.4514301353844,-8.69073438982462,-5.21987781970334],[-48.042554835086,-9.49731457145731,-5.21987781970334],[-48.3870464145697,-10.4361039789736,-5.28090927926694],[-48.7315379940534,-11.37489338649,-5.28090927926696]],