{"HalfedgeAttributes":[],"Halfedges":[[1,2,1],[3,0,0],[0,4,2],[5,1,1],[2,6,3],[7,3,2],[4,8,4],[9,5,3],[6,10,5],[11,7,4],[8,12,6],[13,9,5],[10,14,7],[15,11,6],[12,16,8],[17,13,7],[14,18,9],[19,15,8],[16,20,10],[21,17,9],[18,22,11],[23,19,10],[20,24,12],[25,21,11],[22,26,13],[27,23,12],[24,28,14],[29,25,13],[26,30,15],[31,27,14],[28,32,16],[33,29,15],[30,34,17],[35,31,16],[32,36,18],[37,33,17],[34,38,19],[39,35,18],[36,40,20],[41,37,19],[38,42,21],[43,39,20],[40,44,22],[45,41,21],[42,46,23],[47,43,22],[44,48,24],[49,45,23],[46,50,25],[51,47,24],[48,52,26],[53,49,25],[50,54,27],[55,51,26],[52,56,28],[57,53,27],[54,58,29],[59,55,28],[56,60,30],[61,57,29],[58,62,31],[63,59,30],[60,64,32],[65,61,31],[62,66,33],[67,63,32],[64,68,34],[69,65,33],[66,70,35],[71,67,34],[68,72,36],[73,69,35],[70,74,37],[75,71,36],[72,76,38],[77,73,37],[74,78,39],[79,75,38],[76,80,40],[81,77,39],[78,82,41],[83,79,40],[80,84,42],[85,81,41],[82,86,43],[87,83,42],[84,88,44],[89,85,43],[86,90,45],[91,87,44],[88,92,46],[93,89,45],[90,94,47],[95,91,46],[92,96,48],[97,93,47],[94,98,49],[99,95,48],[96,100,50],[101,97,49],[98,102,51],[103,99,50],[100,104,52],[105,101,51],[102,106,53],[107,103,52],[104,108,54],[109,105,53],[106,110,55],[111,107,54],[108,112,56],[113,109,55],[110,114,57],[115,111,56],[112,116,58],[117,113,57],[114,118,59],[119,115,58],[116,120,60],[121,117,59],[118,122,61],[123,119,60],[120,124,62],[125,121,61],[122,126,63],[127,123,62],[124,128,64],[129,125,63],[126,130,65],[131,127,64],[128,132,66],[133,129,65],[130,134,67],[135,131,66],[132,136,68],[137,133,67],[134,138,69],[139,135,68],[136,140,70],[141,137,69],[138,142,71],[143,139,70],[140,144,72],[145,141,71],[142,146,73],[147,143,72],[144,148,74],[149,145,73],[146,150,75],[151,147,74],[148,152,76],[153,149,75],[150,154,77],[155,151,76],[152,156,78],[157,153,77],[154,158,79],[159,155,78],[156,160,80],[161,157,79],[158,162,81],[163,159,80],[160,164,82],[165,161,81],[162,166,83],[167,163,82],[164,168,84],[169,165,83],[166,170,85],[171,167,84],[168,172,86],[173,169,85],[170,174,87],[175,171,86],[172,176,88],[177,173,87],[174,178,89],[179,175,88],[176,180,90],[181,177,89],[178,182,91],[183,179,90],[180,184,92],[185,181,91],[182,186,93],[187,183,92],[184,188,94],[189,185,93],[186,190,95],[191,187,94],[188,192,96],[193,189,95],[190,194,97],[195,191,96],[192,196,98],[197,193,97],[194,197,99],[196,195,98]],"VertexAttributes":[[23.3672211711951,-18.3707549412371,-2.80464706518929],[23.3477579878173,-19.3705655155424,-2.78333343747867],[23.3142328177492,-20.3700033890353,-2.81802196804522],[23.2807076476811,-21.3694412625281,-2.81802196804522],[23.253572466489,-22.3690730357034,-2.84542612580879],[23.2264372852969,-23.3687048088788,-2.84542612580876],[23.5873168843549,-24.3013172230058,-2.71035072871409],[23.7463187668666,-25.2885955025996,-2.67605373016417],[23.9053206493782,-26.2758737821934,-2.67605373016416],[24.0977688562905,-27.2571809143678,-2.65624926779115],[24.2902170632028,-28.2384880465421,-2.65624926779115],[24.5677865007061,-29.1991936244192,-2.64878211088936],[24.8453559382094,-30.1598992022962,-2.64878211088936],[25.1573270021259,-31.1099908059213,-2.62747832767961],[25.4303325265744,-32.0720032713398,-2.60074848198705],[25.7033380510229,-33.0340157367583,-2.60074848198708],[25.7686986267555,-34.0318774481893,-2.72790427882622],[25.8340592024881,-35.0297391596202,-2.72790427882624],[26.5207031513345,-35.7567330299607,-2.67021488050356],[27.2073471001808,-36.4837269003012,-2.67021488050359],[28.161477285403,-36.7831189336752,-2.47885249168375],[29.1519168692558,-36.9210661363925,-2.45569308713702],[30.1423564531086,-37.0590133391098,-2.45569308713699],[31.1423036123296,-37.0487333213163,-2.40078229571706],[32.1422507715506,-37.0384533035227,-2.40078229571706],[33.1359643166163,-36.9265006780377,-2.38365223490446],[34.129677861682,-36.8145480525526,-2.38365223490445],[35.1153783836168,-36.6460414323343,-2.37166469203387],[36.1010789055517,-36.4775348121161,-2.37166469203387],[36.8756112807951,-37.1100690797253,-2.42694714932797],[37.6501436560385,-37.7426033473344,-2.42694714932796],[38.6122968467295,-38.0151124988195,-2.39112003529434],[39.609590552189,-37.9415919911305,-2.23545716088822],[40.6068842576485,-37.8680714834415,-2.23545716088822],[41.5524885482107,-37.5427523698464,-2.02325850009022],[42.1433797013919,-36.7360010791178,-1.8595169916903],[42.6274353395942,-35.8609638575526,-1.8736466629725],[43.0098817314037,-34.9369861752508,-1.89028306515374],[43.3923281232131,-34.0130084929489,-1.89028306515372],[43.9417850623257,-33.1774864572963,-1.8883570110127],[44.4097581886798,-32.2937437611396,-1.87002534943646],[44.9174297914293,-31.4321930988093,-1.91493009139836],[45.4251013941789,-30.5706424364791,-1.91493009139839],[45.932447337918,-29.7088999613907,-1.90833553959295],[46.6109077534793,-28.9742630003573,-1.91618588286508],[47.3968192406343,-28.3559239878748,-1.94459079986161],[48.1827307277893,-27.7375849753923,-1.94459079986161],[49.1823909270764,-27.7636519269089,-2.02084492933804],[50.1820511263634,-27.7897188784255,-2.02084492933804],[50.902984660253,-28.4827230917702,-2.05810607598106],[51.6239181941426,-29.1757273051148,-2.05810607598104],[52.3448517280322,-29.8687315184595,-2.05810607598107],[52.4439742776829,-30.8638067518719,-2.2712348240366],[52.5430968273336,-31.8588819852843,-2.2712348240366],[52.4017236157653,-32.8488383555607,-2.3684067003455],[53.0849356140569,-33.579058435667,-2.31537185559465],[53.7681476123484,-34.3092785157733,-2.31537185559465],[54.45135961064,-35.0394985958796,-2.31537185559465],[55.4457829999697,-34.9340371206668,-2.10986987013264],[56.4402063892994,-34.8285756454541,-2.10986987013264],[57.2809048551644,-34.2870721002281,-2.02687031452342],[58.007395351614,-33.5998955882835,-2.01923236370526],[58.7223886346698,-32.9007642664383,-2.01901397919437],[59.4373819177256,-32.201632944593,-2.01901397919436],[60.3015519148766,-31.6984329684164,-2.07498513855751],[61.2965391417941,-31.598430877084,-2.11782501240864],[62.2915263687117,-31.4984287857516,-2.11782501240864],[62.5888335184558,-32.4532106764005,-2.12236539119586],[62.8861406681999,-33.4079925670494,-2.12236539119586],[63.5640371084934,-34.1431499762057,-1.85029040307224],[64.2419335487869,-34.878307385362,-1.85029040307224],[64.8674095267415,-35.6585508095584,-1.88695305711013],[65.4928855046961,-36.4387942337548,-1.88695305711016],[66.2020210450729,-37.1438664182682,-1.84990940450082],[67.1581038652762,-37.4369630591771,-1.81541392491695],[68.1141866854796,-37.730059700086,-1.81541392491694],[69.0038007220181,-38.1867728113426,-1.9071231611168],[69.9669464827859,-38.455752817133,-1.74791437053422],[70.9300922435537,-38.7247328229234,-1.7479143705342],[71.7798018456476,-38.1974818465284,-1.6072748999249],[72.6295114477415,-37.6702308701335,-1.60727489992493],[73.0056845950895,-36.7436814849336,-1.43587791108114],[73.3818577424375,-35.8171320997337,-1.43587791108116],[73.8629698537482,-34.9404730232677,-1.44658386793614],[74.3440819650588,-34.0638139468017,-1.44658386793614],[75.2656255793478,-33.6755390867307,-1.47182483375897],[76.1871691936368,-33.2872642266596,-1.471824833759],[77.1087128079258,-32.8989893665886,-1.47182483375899],[78.0908429775633,-33.0871922621237,-1.68126530595285],[79.0729731472008,-33.2753951576588,-1.68126530595285],[79.7918677332404,-33.9705142655554,-1.92568163665003],[80.51076231928,-34.6656333734519,-1.92568163665003],[81.2544426028057,-35.3341688144685,-1.94451945211182],[81.9981228863314,-36.002704255485,-1.94451945211181],[82.7418031698571,-36.6712396965015,-1.94451945211183],[83.7417676827367,-36.6628151501271,-1.82833200182992],[84.7417321956162,-36.6543906037526,-1.82833200182992],[85.6180734552762,-36.1726998350873,-1.77356506588495],[86.4944147149363,-35.6910090664219,-1.77356506588495],[87.1536618271407,-34.9390827102871,-1.73475652809208]],