{"HalfedgeAttributes":[],"Halfedges":[[1,2,1],[3,0,0],[0,4,2],[5,1,1],[2,6,3],[7,3,2],[4,8,4],[9,5,3],[6,10,5],[11,7,4],[8,12,6],[13,9,5],[10,14,7],[15,11,6],[12,16,8],[17,13,7],[14,18,9],[19,15,8],[16,20,10],[21,17,9],[18,22,11],[23,19,10],[20,24,12],[25,21,11],[22,26,13],[27,23,12],[24,28,14],[29,25,13],[26,30,15],[31,27,14],[28,32,16],[33,29,15],[30,34,17],[35,31,16],[32,36,18],[37,33,17],[34,38,19],[39,35,18],[36,40,20],[41,37,19],[38,42,21],[43,39,20],[40,44,22],[45,41,21],[42,46,23],[47,43,22],[44,48,24],[49,45,23],[46,50,25],[51,47,24],[48,52,26],[53,49,25],[50,54,27],[55,51,26],[52,56,28],[57,53,27],[54,58,29],[59,55,28],[56,60,30],[61,57,29],[58,62,31],[63,59,30],[60,64,32],[65,61,31],[62,66,33],[67,63,32],[64,68,34],[69,65,33],[66,70,35],[71,67,34],[68,72,36],[73,69,35],[70,74,37],[75,71,36],[72,76,38],[77,73,37],[74,78,39],[79,75,38],[76,80,40],[81,77,39],[78,82,41],[83,79,40],[80,84,42],[85,81,41],[82,86,43],[87,83,42],[84,88,44],[89,85,43],[86,90,45],[91,87,44],[88,92,46],[93,89,45],[90,94,47],[95,91,46],[92,96,48],[97,93,47],[94,98,49],[99,95,48],[96,100,50],[101,97,49],[98,102,51],[103,99,50],[100,104,52],[105,101,51],[102,106,53],[107,103,52],[104,108,54],[109,105,53],[106,110,55],[111,107,54],[108,112,56],[113,109,55],[110,114,57],[115,111,56],[112,116,58],[117,113,57],[114,118,59],[119,115,58],[116,120,60],[121,117,59],[118,122,61],[123,119,60],[120,124,62],[125,121,61],[122,126,63],[127,123,62],[124,128,64],[129,125,63],[126,130,65],[131,127,64],[128,132,66],[133,129,65],[130,134,67],[135,131,66],[132,136,68],[137,133,67],[134,138,69],[139,135,68],[136,140,70],[141,137,69],[138,142,71],[143,139,70],[140,144,72],[145,141,71],[142,146,73],[147,143,72],[144,148,74],[149,145,73],[146,150,75],[151,147,74],[148,152,76],[153,149,75],[150,154,77],[155,151,76],[152,156,78],[157,153,77],[154,158,79],[159,155,78],[156,160,80],[161,157,79],[158,162,81],[163,159,80],[160,164,82],[165,161,81],[162,166,83],[167,163,82],[164,168,84],[169,165,83],[166,170,85],[171,167,84],[168,172,86],[173,169,85],[170,174,87],[175,171,86],[172,176,88],[177,173,87],[174,178,89],[179,175,88],[176,180,90],[181,177,89],[178,182,91],[183,179,90],[180,184,92],[185,181,91],[182,186,93],[187,183,92],[184,188,94],[189,185,93],[186,190,95],[191,187,94],[188,192,96],[193,189,95],[190,194,97],[195,191,96],[192,196,98],[197,193,97],[194,197,99],[196,195,98]],"VertexAttributes":[[-20.7622156304447,-37.8352410913761,-2.28930564031289],[-21.300349336076,-38.6781005783984,-2.24103711500233],[-21.2210426218388,-39.6749508405125,-2.23187228476495],[-20.9536037967409,-40.6385256818352,-2.34135611897001],[-21.0815527527264,-41.6303064361667,-2.36910661676825],[-20.8953959820557,-42.6128264902793,-2.25644032289344],[-20.7092392113849,-43.5953465443919,-2.25644032289347],[-20.1632463254735,-44.4331363560595,-2.10711927210851],[-19.617253439562,-45.2709261677271,-2.10711927210851],[-19.0900087654315,-46.1206396803895,-2.11519106293629],[-18.5768987818597,-46.9789625478228,-2.06901535023408],[-17.7980374920669,-47.6061587621468,-2.09389408699396],[-17.0191762022741,-48.2333549764707,-2.09389408699396],[-16.1043168053106,-48.6371275409022,-1.9689863081436],[-15.1894574083471,-49.0409001053337,-1.9689863081436],[-14.2745980113836,-49.4446726697652,-1.9689863081436],[-13.4936323534112,-50.0692466374166,-2.11100355858787],[-12.9461348738612,-50.9060539688175,-2.22512143833502],[-12.2840821627176,-51.6555112442292,-2.16597522109819],[-11.7773238573669,-52.5175994183495,-2.25713633881639],[-11.2705655520162,-53.3796875924698,-2.25713633881642],[-11.5503574290533,-54.339748270523,-2.33022423185714],[-11.8301493060904,-55.2998089485762,-2.33022423185713],[-12.7070630341456,-55.7804567547175,-2.49095240252467],[-13.5839767622007,-56.2611045608587,-2.4909524025247],[-14.5550129797815,-56.5000369030531,-2.61745871260545],[-15.5382019668262,-56.6826277455233,-2.62637747911522],[-16.5082464165447,-56.9255552358786,-2.59068860957868],[-17.4782908662632,-57.1684827262339,-2.59068860957868],[-18.2155147731117,-57.8441312377923,-2.49085010027599],[-18.9527386799602,-58.5197797493507,-2.49085010027599],[-19.3437064571461,-59.4401841154867,-2.33876329493803],[-19.5068485379427,-60.4267867008641,-2.28353881425963],[-19.7161569872544,-61.4046363687818,-2.29406084406811],[-19.9254654365661,-62.3824860366995,-2.29406084406811],[-20.1940730385037,-63.3457357219739,-2.26578652684945],[-20.2934419360694,-64.3407863851045,-2.26078580175155],[-20.3928108336351,-65.3358370482351,-2.26078580175155],[-19.4562018239405,-65.6862133644422,-2.08486256713744],[-18.5195928142459,-66.0365896806494,-2.08486256713744],[-17.5697532487481,-65.7238520912633,-1.91599850377904],[-16.6199136832504,-65.4111145018772,-1.91599850377906],[-15.6252783870778,-65.3076706639373,-1.95358380723464],[-14.6306430909053,-65.2042268259975,-1.95358380723464],[-13.7657027799682,-65.7061015698491,-1.99866164442957],[-12.9007624690312,-66.2079763137007,-1.99866164442957],[-11.9562151876324,-66.536351759193,-1.97020424644609],[-10.967529890871,-66.6863563723481,-1.96731691537671],[-10.0052851116515,-66.4141708017078,-1.95163713117077],[-9.02229020827742,-66.2305379616693,-1.96097067207388],[-8.03929530490334,-66.0469051216309,-1.96097067207388],[-7.05894728634595,-65.849629267785,-2.00027867632278],[-6.07859926778857,-65.6523534139392,-2.00027867632278],[-5.28264322698248,-65.0469989879173,-1.99764783107761],[-4.4866871861764,-64.4416445618954,-1.99764783107761],[-4.84583432215753,-63.5083636102434,-1.73728955734633],[-5.20498145813867,-62.5750826585913,-1.73728955734633],[-5.39270099406294,-61.5928599873846,-1.76220237701396],[-5.58042052998721,-60.610637316178,-1.76220237701399],[-5.37676570162602,-59.6315945638504,-1.83851709421583],[-4.5485264863474,-59.0712198657468,-1.86145400928928],[-3.67253557636638,-58.5888922534016,-1.85958595577208],[-2.79654466638536,-58.1065646410564,-1.8595859557721],[-1.85261648944183,-57.7764137713437,-1.89971986662815],[-1.01861996579535,-57.2246440743273,-1.86840064183764],[-0.184623442148872,-56.6728743773109,-1.86840064183764],[0.413462789243439,-55.8714426211276,-1.76411650267336],[0.674459551041193,-54.9061029449871,-1.69533220369344],[0.935456312838947,-53.9407632688466,-1.69533220369344],[0.59858388646718,-52.9992129683579,-1.57088705095623],[0.261711460095412,-52.0576626678691,-1.57088705095623],[-0.214393555662261,-51.1782742360767,-1.54039618868441],[-0.699907682670452,-50.3040454144999,-1.52150724135318],[-1.18542180967864,-49.4298165929232,-1.52150724135318],[-0.762467264084109,-48.5236656935908,-1.56149782454675],[0.0749201696146052,-47.977055882223,-1.58861771795688],[0.91230760331332,-47.4304460708553,-1.58861771795691],[1.86056906468965,-47.1129555971897,-1.64449055182803],[2.81674535693425,-46.8201640362639,-1.64967648490655],[3.77292164917885,-46.5273724753381,-1.64967648490655],[4.74529905030843,-46.2939582731727,-1.66157161554339],[5.71767645143801,-46.0605440710074,-1.66157161554342],[6.577204247571,-46.5716330727231,-1.75629872699673],[7.52773980818301,-46.8822488289429,-1.72341240847152],[8.17945526255599,-47.6407123854382,-1.80743130004879],[8.83117071692897,-48.3991759419334,-1.80743130004879],[9.66321730084579,-48.9538817037498,-1.67514961615895],[10.5783975065647,-49.3569266033086,-1.62704162361862],[11.4935777122836,-49.7599715028673,-1.62704162361862],[12.4739081149419,-49.9573348774426,-1.58821737187273],[13.4542385176002,-50.154698252018,-1.58821737187273],[14.4429262438879,-50.3046868512122,-1.56580391503029],[15.4316139701755,-50.4546754504064,-1.56580391503026],[16.4291465603902,-50.3844705256547,-1.56460440122228],[17.426679150605,-50.3142656009029,-1.56460440122228],[18.3149440009728,-49.8549339607984,-1.55677733502307],[19.2032088513406,-49.395602320694,-1.55677733502306],[19.943166644955,-48.7229490194537,-1.50839717657594],[20.2925431330366,-47.7859665918833,-1.38491374596192],[20.6633265174785,-46.8572472145568,-1.39666914927609]],