{"HalfedgeAttributes":[],"Halfedges":[[1,2,1],[3,0,0],[0,4,2],[5,1,1],[2,6,3],[7,3,2],[4,8,4],[9,5,3],[6,10,5],[11,7,4],[8,12,6],[13,9,5],[10,14,7],[15,11,6],[12,16,8],[17,13,7],[14,18,9],[19,15,8],[16,20,10],[21,17,9],[18,22,11],[23,19,10],[20,24,12],[25,21,11],[22,26,13],[27,23,12],[24,28,14],[29,25,13],[26,30,15],[31,27,14],[28,32,16],[33,29,15],[30,34,17],[35,31,16],[32,36,18],[37,33,17],[34,38,19],[39,35,18],[36,40,20],[41,37,19],[38,42,21],[43,39,20],[40,44,22],[45,41,21],[42,46,23],[47,43,22],[44,48,24],[49,45,23],[46,50,25],[51,47,24],[48,52,26],[53,49,25],[50,54,27],[55,51,26],[52,56,28],[57,53,27],[54,58,29],[59,55,28],[56,60,30],[61,57,29],[58,62,31],[63,59,30],[60,64,32],[65,61,31],[62,66,33],[67,63,32],[64,68,34],[69,65,33],[66,70,35],[71,67,34],[68,72,36],[73,69,35],[70,74,37],[75,71,36],[72,76,38],[77,73,37],[74,78,39],[79,75,38],[76,80,40],[81,77,39],[78,82,41],[83,79,40],[80,84,42],[85,81,41],[82,86,43],[87,83,42],[84,88,44],[89,85,43],[86,90,45],[91,87,44],[88,92,46],[93,89,45],[90,94,47],[95,91,46],[92,96,48],[97,93,47],[94,98,49],[99,95,48],[96,100,50],[101,97,49],[98,102,51],[103,99,50],[100,104,52],[105,101,51],[102,106,53],[107,103,52],[104,108,54],[109,105,53],[106,110,55],[111,107,54],[108,112,56],[113,109,55],[110,114,57],[115,111,56],[112,116,58],[117,113,57],[114,118,59],[119,115,58],[116,120,60],[121,117,59],[118,122,61],[123,119,60],[120,124,62],[125,121,61],[122,126,63],[127,123,62],[124,128,64],[129,125,63],[126,130,65],[131,127,64],[128,132,66],[133,129,65],[130,134,67],[135,131,66],[132,136,68],[137,133,67],[134,138,69],[139,135,68],[136,140,70],[141,137,69],[138,142,71],[143,139,70],[140,144,72],[145,141,71],[142,146,73],[147,143,72],[144,148,74],[149,145,73],[146,150,75],[151,147,74],[148,152,76],[153,149,75],[150,154,77],[155,151,76],[152,156,78],[157,153,77],[154,158,79],[159,155,78],[156,160,80],[161,157,79],[158,162,81],[163,159,80],[160,164,82],[165,161,81],[162,166,83],[167,163,82],[164,168,84],[169,165,83],[166,170,85],[171,167,84],[168,172,86],[173,169,85],[170,174,87],[175,171,86],[172,176,88],[177,173,87],[174,178,89],[179,175,88],[176,180,90],[181,177,89],[178,182,91],[183,179,90],[180,184,92],[185,181,91],[182,186,93],[187,183,92],[184,188,94],[189,185,93],[186,190,95],[191,187,94],[188,192,96],[193,189,95],[190,194,97],[195,191,96],[192,196,98],[197,193,97],[194,197,99],[196,195,98]],"VertexAttributes":[[-34.9483669230774,-20.3220263320292,-2.62652045519067],[-35.188195996091,-19.3512112024924,-2.38134006841467],[-35.4280250691046,-18.3803960729557,-2.38134006841467],[-36.1115945921666,-17.6505106661001,-2.20701546036604],[-36.7951641152287,-16.9206252592446,-2.20701546036604],[-37.1792557878959,-15.9973302971725,-2.26497051971218],[-37.5633474605631,-15.0740353351004,-2.26497051971218],[-37.2235794709253,-14.133526051139,-2.38479397012959],[-36.7953398342071,-13.2298608401546,-2.39710917020092],[-36.3467733330882,-12.3361113819316,-2.40244298605818],[-35.8982068319692,-11.4423619237086,-2.40244298605818],[-35.5546213300724,-10.5032405242686,-2.37939627196914],[-35.1219337295604,-9.60169660389463,-2.36162436354712],[-34.7810958441349,-8.66157451828093,-2.36547531652091],[-34.1002128223254,-7.92918233467191,-2.39372874081889],[-33.4193298005159,-7.1967901510629,-2.39372874081889],[-32.6709723268475,-6.53349452194666,-2.3496531291738],[-31.6928320933807,-6.32554817388185,-2.4734209738251],[-30.7146918599139,-6.11760182581704,-2.47342097382509],[-30.6982326188516,-7.11746636333383,-2.57546266458749],[-30.6817733777893,-8.11733090085061,-2.57546266458749],[-30.6346951640468,-9.11622210703416,-2.51856226284688],[-30.4956369647084,-10.1065063173479,-2.54415736442672],[-30.35657876537,-11.0967905276617,-2.54415736442672],[-29.5142596714201,-11.63576969606,-2.50102447776884],[-28.6719405774701,-12.1747488644584,-2.50102447776887],[-27.6780554643888,-12.285167984158,-2.34897420850231],[-26.6841703513074,-12.3955871038576,-2.34897420850231],[-25.6889669116317,-12.2977601461324,-2.2540719663462],[-24.6920071773391,-12.3756786176208,-2.2970052247466],[-23.6934764440236,-12.4298669431573,-2.24298335793819],[-22.6949457107081,-12.4840552686939,-2.24298335793819],[-21.7506528564073,-12.8131616425557,-2.31290064918709],[-20.8063600021066,-13.1422680164176,-2.31290064918711],[-20.0340058876335,-13.7774602092667,-2.36464266010591],[-19.2616517731604,-14.4126524021159,-2.36464266010591],[-18.6085344329036,-15.1699091220305,-2.45506943270246],[-17.7701463693831,-15.7149829289101,-2.36044987892339],[-16.988699567857,-16.3389548003792,-2.38637926085094],[-16.0625157581477,-16.7160271417573,-2.36004437313338],[-15.1363319484384,-17.0930994831354,-2.36004437313336],[-14.2101481387291,-17.4701718245135,-2.36004437313336],[-13.6346654509416,-18.287985786278,-2.3218999027608],[-13.0591827631541,-19.1057997480425,-2.32189990276083],[-13.2640747924826,-20.0845843292031,-2.4085139060297],[-13.4689668218111,-21.0633689103636,-2.40851390602968],[-13.9625209631664,-21.9330839841384,-2.49015875669259],[-14.4560751045218,-22.8027990579131,-2.49015875669258],[-14.9548483016497,-23.6695315990275,-2.48125045311336],[-15.4536214987777,-24.536264140142,-2.48125045311336],[-15.5990140066969,-25.5256381940978,-2.40566994069239],[-15.744406514616,-26.5150122480537,-2.40566994069239],[-15.3473357409118,-27.4328002413669,-2.24324744439332],[-14.9502649672075,-28.3505882346801,-2.24324744439332],[-14.7447904362896,-29.3292506980167,-2.4082052728416],[-14.6564020234672,-30.3253367828903,-2.39058650270229],[-14.5680136106447,-31.3214228677638,-2.39058650270229],[-14.6011040141975,-32.3208752304068,-2.4004359228791],[-14.6341944177502,-33.3203275930498,-2.4004359228791],[-14.7227058729519,-34.3164027520103,-2.45097056976333],[-14.8112173281535,-35.3124779109707,-2.45097056976333],[-14.8919069108258,-36.3092171904457,-2.53500799627197],[-15.1127844817659,-37.2845187328701,-2.62557472631063],[-15.9326515505938,-37.8570726512495,-2.66961369297961],[-16.8561306285097,-38.2407214394029,-2.68236339234552],[-17.7796097064256,-38.6243702275562,-2.68236339234552],[-18.6822660738787,-39.0547322638657,-2.69318411036645],[-19.5849224413318,-39.4850943001752,-2.69318411036642],[-19.7128713973174,-40.4768750545066,-2.62382160912402],[-19.8408203533029,-41.468655808838,-2.62382160912401],[-19.6546635826322,-42.4511758629506,-2.61396531610718],[-19.4685068119614,-43.4336959170632,-2.61396531610717],[-18.92251392605,-44.2714857287309,-2.54043039817867],[-18.6277531597496,-45.2270568096296,-2.60543143384692],[-18.1146431761778,-46.0853796770629,-2.53840413280358],[-17.601533192606,-46.9437025444963,-2.53840413280358],[-16.8226719028132,-47.5708987588202,-2.3913351415612],[-15.9355055485303,-48.0323484958755,-2.3303248863468],[-15.0206461515668,-48.436121060307,-2.31924200559995],[-14.2396804935944,-49.0606950279583,-2.31884072666487],[-13.458714835622,-49.6852689956097,-2.3188407266649],[-12.911217356072,-50.5220763270106,-2.33173898213093],[-12.2491646449284,-51.2715336024223,-2.3227413630476],[-11.7424063395777,-52.1336217765426,-2.34517564989365],[-11.235648034227,-52.9957099506628,-2.34517564989365],[-11.5154399112641,-53.9557706287161,-2.30904805655821],[-11.7952317883012,-54.9158313067693,-2.30904805655821],[-12.6721455163564,-55.3964791129106,-2.36408424530558],[-13.5490592444115,-55.8771269190518,-2.36408424530556],[-14.5200954619923,-56.1160592612462,-2.44731764064655],[-15.491131679573,-56.3549916034405,-2.44731764064657],[-16.4611761292915,-56.5979190937958,-2.46497614633861],[-17.43122057901,-56.8408465841511,-2.46497614633861],[-18.1684444858585,-57.5164950957095,-2.3845900396319],[-18.905668392707,-58.1921436072678,-2.3845900396319],[-19.2966361698929,-59.1125479734039,-2.30155638414331],[-19.4597782506896,-60.0991505587813,-2.28082617027255],[-19.6690867000013,-61.077000226699,-2.28533557085555],[-19.878395149313,-62.0548498946166,-2.28533557085558],[-20.1470027512506,-63.0180995798911,-2.25412326192479]],