{"HalfedgeAttributes":[],"Halfedges":[[1,2,1],[3,0,0],[0,4,2],[5,1,1],[2,6,3],[7,3,2],[4,8,4],[9,5,3],[6,10,5],[11,7,4],[8,12,6],[13,9,5],[10,14,7],[15,11,6],[12,16,8],[17,13,7],[14,18,9],[19,15,8],[16,20,10],[21,17,9],[18,22,11],[23,19,10],[20,24,12],[25,21,11],[22,26,13],[27,23,12],[24,28,14],[29,25,13],[26,30,15],[31,27,14],[28,32,16],[33,29,15],[30,34,17],[35,31,16],[32,36,18],[37,33,17],[34,38,19],[39,35,18],[36,40,20],[41,37,19],[38,42,21],[43,39,20],[40,44,22],[45,41,21],[42,46,23],[47,43,22],[44,48,24],[49,45,23],[46,50,25],[51,47,24],[48,52,26],[53,49,25],[50,54,27],[55,51,26],[52,56,28],[57,53,27],[54,58,29],[59,55,28],[56,60,30],[61,57,29],[58,62,31],[63,59,30],[60,64,32],[65,61,31],[62,66,33],[67,63,32],[64,68,34],[69,65,33],[66,70,35],[71,67,34],[68,72,36],[73,69,35],[70,74,37],[75,71,36],[72,76,38],[77,73,37],[74,78,39],[79,75,38],[76,80,40],[81,77,39],[78,82,41],[83,79,40],[80,84,42],[85,81,41],[82,86,43],[87,83,42],[84,88,44],[89,85,43],[86,90,45],[91,87,44],[88,92,46],[93,89,45],[90,94,47],[95,91,46],[92,96,48],[97,93,47],[94,98,49],[99,95,48],[96,100,50],[101,97,49],[98,102,51],[103,99,50],[100,104,52],[105,101,51],[102,106,53],[107,103,52],[104,108,54],[109,105,53],[106,110,55],[111,107,54],[108,112,56],[113,109,55],[110,114,57],[115,111,56],[112,116,58],[117,113,57],[114,118,59],[119,115,58],[116,120,60],[121,117,59],[118,122,61],[123,119,60],[120,124,62],[125,121,61],[122,126,63],[127,123,62],[124,128,64],[129,125,63],[126,130,65],[131,127,64],[128,132,66],[133,129,65],[130,134,67],[135,131,66],[132,136,68],[137,133,67],[134,138,69],[139,135,68],[136,140,70],[141,137,69],[138,142,71],[143,139,70],[140,144,72],[145,141,71],[142,146,73],[147,143,72],[144,148,74],[149,145,73],[146,150,75],[151,147,74],[148,152,76],[153,149,75],[150,154,77],[155,151,76],[152,156,78],[157,153,77],[154,158,79],[159,155,78],[156,160,80],[161,157,79],[158,162,81],[163,159,80],[160,164,82],[165,161,81],[162,166,83],[167,163,82],[164,168,84],[169,165,83],[166,170,85],[171,167,84],[168,172,86],[173,169,85],[170,174,87],[175,171,86],[172,176,88],[177,173,87],[174,178,89],[179,175,88],[176,180,90],[181,177,89],[178,182,91],[183,179,90],[180,184,92],[185,181,91],[182,186,93],[187,183,92],[184,188,94],[189,185,93],[186,190,95],[191,187,94],[188,192,96],[193,189,95],[190,193,97],[192,191,96],[-1,196,98],[197,-1,97],[194,197,99],[196,195,98]],"VertexAttributes":[[-29.3101437673796,5.72604456728416,-4.78115247070852],[-28.3129525347593,5.80094213456833,-4.78115247070855],[-27.3406408608013,5.56725429002988,-4.90757663891915],[-26.3683291868433,5.33356644549143,-4.90757663891914],[-25.4451674455223,4.94915468791735,-4.94372564146555],[-24.5220057042013,4.56474293034327,-4.94372564146553],[-23.899471892494,3.78215002641356,-5.06152705247344],[-23.2769380807867,2.99955712248384,-5.06152705247347],[-22.6544042690793,2.21696421855412,-5.06152705247345],[-22.3382342680892,1.26826166744871,-5.14090264639475],[-22.0220642670991,0.319559116343299,-5.14090264639475],[-22.3416867956333,-0.627985837341465,-5.26112278269422],[-22.4807998370824,-1.61826234503957,-5.2587109805995],[-22.6199128785316,-2.60853885273768,-5.2587109805995],[-22.1558019187178,-3.49431592231034,-5.25850666443016],[-21.691690958904,-4.380092991883,-5.25850666443016],[-20.6932807608318,-4.43645855216061,-5.15703978316755],[-19.7475200659295,-4.11159441443853,-5.14310431561186],[-18.8017593710272,-3.78673027671646,-5.14310431561186],[-17.8098263410391,-3.6599672536434,-5.19454816522922],[-16.817893311051,-3.53320423057035,-5.19454816522921],[-15.8942369138749,-3.91642591570267,-5.23802348912278],[-14.9922818774718,-4.34825587333296,-5.24076908040465],[-14.0168475558692,-4.56854632759694,-5.2307392968733],[-13.0414132342667,-4.78883678186092,-5.2307392968733],[-12.0659789126642,-5.00912723612489,-5.2307392968733],[-11.1045703390454,-4.73400261968312,-5.13521687559562],[-10.1431617654266,-4.45887800324135,-5.13521687559565],[-9.24722157721496,-4.01470328632539,-5.10286267012469],[-8.35128138900336,-3.57052856940944,-5.10286267012469],[-7.35708026471795,-3.46299195020639,-5.17630736645854],[-6.36287914043254,-3.35545533100333,-5.17630736645857],[-5.50222500935263,-3.86464534136791,-5.26483232258508],[-4.72669513298506,-4.49595620842257,-5.28053301064129],[-4.18412807988673,-5.33596870409879,-5.2850127394851],[-3.64156102678839,-6.17598119977501,-5.28501273948513],[-3.19014737124909,-7.06829600498259,-5.30289558527198],[-2.73873371570978,-7.96061081019017,-5.30289558527201],[-2.42923719423996,-8.91151138501283,-5.29359594773717],[-2.11974067277014,-9.8624119598355,-5.29359594773717],[-1.84853857984644,-10.8249343880385,-5.29649988975025],[-1.5740401675494,-11.7865219408107,-5.29840264898698],[-1.29954175525236,-12.7481094935829,-5.29840264898696],[-0.717184887362076,-13.5610427494047,-5.24438316951198],[-0.0791687293771565,-14.3310657244841,-5.23481603358361],[0.507811265570407,-15.1406671607052,-5.2487328064191],[1.09479126051797,-15.9502685969264,-5.24873280641913],[0.660999569786132,-16.8512817872028,-5.28025238207945],[0.227207879054294,-17.7522949774792,-5.28025238207945],[0.0619521302479795,-18.738545725254,-5.26382010411912],[-0.103303618558335,-19.7247964730289,-5.26382010411912],[-0.121999624858659,-20.7246216874281,-5.25558878813355],[-0.140695631158982,-21.7244469018273,-5.25558878813355],[0.41389294139452,-20.8923222025225,-5.28861029637307],[0.968481513948022,-20.0601975032177,-5.28861029637305],[0.949785507647698,-21.0600227176169,-5.39352118752501],[1.5043740802012,-20.2278980183122,-5.27666979573245],[1.84616961382164,-21.167672359948,-5.44510997036267],[2.8040852118451,-21.4547223678967,-5.40118144263745],[3.76200080986856,-21.7417723758454,-5.40118144263745],[4.6715600878433,-22.1573465808318,-5.41320383592532],[5.58111936581804,-22.5729207858182,-5.41320383592532],[6.48543835703872,-22.999778094667,-5.46569123415247],[7.3897573482594,-23.4266354035157,-5.4656912341525],[8.34424482689696,-23.128384413368,-5.45928461898116],[9.29873230553451,-22.8301334232202,-5.45928461898116],[10.2532197841721,-22.5318824330724,-5.45928461898116],[10.2492702323451,-21.5318902325827,-5.19768589202437],[10.2072972150942,-20.5327714879768,-5.1937265583358],[10.4610429448928,-19.5655005307941,-5.2221628431857],[10.7147886746914,-18.5982295736115,-5.22216284318573],[11.1918506005332,-17.7193598910578,-5.28692631812422],[11.668912526375,-16.8404902085041,-5.2869263181242],[11.8291214739829,-15.8534070847975,-5.27878219382187],[11.9893304215907,-14.8663239610909,-5.27878219382187],[11.7858733281602,-13.8872400979143,-5.16771147325105],[11.5764337806507,-12.9094185007203,-5.17588987803194],[11.3669942331412,-11.9315969035263,-5.17588987803194],[11.3257865039493,-10.9324463027384,-5.20335705205385],[11.0947847697733,-9.95949296428493,-5.18226654056343],[11.3552392810526,-8.99400684447052,-5.27502638681089],[11.8416960548256,-8.12030219915245,-5.35952228195299],[12.4712913629628,-7.34337894169929,-5.25176727596961],[13.1008866710999,-6.56645568424613,-5.25176727596964],[13.3980506007096,-5.6116292084198,-5.24256171794867],[14.374892469032,-5.39766667830678,-5.28437125690164],[15.3740771538443,-5.43803951120921,-5.28836544330126],[16.3732618386566,-5.47841234411164,-5.28836544330126],[17.3311412421223,-5.19124157885818,-5.29311476267095],[18.2890206455879,-4.90407081360472,-5.29311476267095],[18.5632315952743,-3.94240124713602,-5.23789359572297],[18.8374425449607,-2.98073168066732,-5.23789359572295],[19.1164408491626,-2.02044008627921,-5.23458076087957],[19.3798752606674,-1.05576277710524,-5.21380928008243],[19.6433096721721,-0.0910854679312604,-5.21380928008242],[19.7258104870587,0.905505529189951,-5.15014097473166],[19.8083113019453,1.90209652631116,-5.15014097473166],[20.6087996314955,2.50144486764029,-5.18369805446686],[21.4092879610456,3.10079320896942,-5.18369805446686],[22.2996898895118,3.55596834645353,-5.19263367465895]],