{"HalfedgeAttributes":[],"Halfedges":[[1,2,1],[3,0,0],[0,4,2],[5,1,1],[2,6,3],[7,3,2],[4,8,4],[9,5,3],[6,10,5],[11,7,4],[8,12,6],[13,9,5],[10,14,7],[15,11,6],[12,16,8],[17,13,7],[14,18,9],[19,15,8],[16,20,10],[21,17,9],[18,22,11],[23,19,10],[20,24,12],[25,21,11],[22,26,13],[27,23,12],[24,28,14],[29,25,13],[26,30,15],[31,27,14],[28,32,16],[33,29,15],[30,34,17],[35,31,16],[32,36,18],[37,33,17],[34,38,19],[39,35,18],[36,40,20],[41,37,19],[38,42,21],[43,39,20],[40,44,22],[45,41,21],[42,46,23],[47,43,22],[44,48,24],[49,45,23],[46,50,25],[51,47,24],[48,52,26],[53,49,25],[50,54,27],[55,51,26],[52,56,28],[57,53,27],[54,58,29],[59,55,28],[56,60,30],[61,57,29],[58,62,31],[63,59,30],[60,64,32],[65,61,31],[62,66,33],[67,63,32],[64,68,34],[69,65,33],[66,70,35],[71,67,34],[68,72,36],[73,69,35],[70,74,37],[75,71,36],[72,76,38],[77,73,37],[74,78,39],[79,75,38],[76,80,40],[81,77,39],[78,82,41],[83,79,40],[80,84,42],[85,81,41],[82,86,43],[87,83,42],[84,88,44],[89,85,43],[86,90,45],[91,87,44],[88,92,46],[93,89,45],[90,94,47],[95,91,46],[92,96,48],[97,93,47],[94,98,49],[99,95,48],[96,100,50],[101,97,49],[98,102,51],[103,99,50],[100,104,52],[105,101,51],[102,106,53],[107,103,52],[104,108,54],[109,105,53],[106,110,55],[111,107,54],[108,112,56],[113,109,55],[110,114,57],[115,111,56],[112,116,58],[117,113,57],[114,118,59],[119,115,58],[116,120,60],[121,117,59],[118,122,61],[123,119,60],[120,124,62],[125,121,61],[122,126,63],[127,123,62],[124,128,64],[129,125,63],[126,130,65],[131,127,64],[128,132,66],[133,129,65],[130,134,67],[135,131,66],[132,136,68],[137,133,67],[134,138,69],[139,135,68],[136,140,70],[141,137,69],[138,142,71],[143,139,70],[140,144,72],[145,141,71],[142,146,73],[147,143,72],[144,148,74],[149,145,73],[146,150,75],[151,147,74],[148,152,76],[153,149,75],[150,154,77],[155,151,76],[152,156,78],[157,153,77],[154,158,79],[159,155,78],[156,160,80],[161,157,79],[158,162,81],[163,159,80],[160,164,82],[165,161,81],[162,166,83],[167,163,82],[164,168,84],[169,165,83],[166,170,85],[171,167,84],[168,172,86],[173,169,85],[170,174,87],[175,171,86],[172,176,88],[177,173,87],[174,178,89],[179,175,88],[176,180,90],[181,177,89],[178,182,91],[183,179,90],[180,184,92],[185,181,91],[182,186,93],[187,183,92],[184,188,94],[189,185,93],[186,190,95],[191,187,94],[188,192,96],[193,189,95],[190,194,97],[195,191,96],[192,196,98],[197,193,97],[194,197,99],[196,195,98]],"VertexAttributes":[[23.9798528288049,-16.4668950587629,-2.80464706518929],[24.0425397759001,-15.4688618195049,-2.84478403257378],[23.6768441377764,-14.5381273244649,-2.87255954298294],[23.3111484996528,-13.6073928294249,-2.87255954298293],[22.3380488235308,-13.8377773348311,-2.97457072376258],[21.3649491474087,-14.0681618402372,-2.97457072376261],[20.3650084177265,-14.0790493157226,-2.87436489451399],[19.3650676880442,-14.089936791208,-2.87436489451399],[18.7482941063433,-14.8770774069279,-2.82693478247202],[18.1315205246424,-15.6642180226477,-2.82693478247202],[17.5147469429415,-16.4513586383676,-2.82693478247202],[17.1350171922572,-17.3764561015817,-2.92762807296052],[16.8349742083172,-18.3303817841107,-2.95570412122854],[16.6507365965791,-19.3132635178005,-3.03033580694142],[16.5064565653478,-20.3028004158432,-3.0540039581857],[16.3621765341164,-21.2923373138858,-3.05400395818573],[16.2825350728481,-22.2891608878682,-3.0647896239482],[16.2028936115797,-23.2859844618506,-3.0647896239482],[15.9555213764647,-24.2549049835108,-3.01628113351461],[15.8768318743528,-25.2518041570772,-3.03006003099929],[15.7981423722409,-26.2487033306436,-3.03006003099929],[15.9995085283853,-27.2282193698995,-3.07634018151818],[16.2008746845297,-28.2077354091555,-3.07634018151818],[16.5041608345929,-29.1606349375318,-3.09278497094344],[16.807446984656,-30.1135344659082,-3.09278497094343],[17.040297096932,-31.0860471008971,-3.07536381631301],[17.1820722529903,-32.0759459872105,-3.07797801621541],[17.3238474090486,-33.065844873524,-3.0779780162154],[17.6773435832843,-34.0012808439681,-3.11409323611177],[18.0381221007319,-34.9339323658927,-3.11573110230393],[18.5333089191701,-35.8027188844605,-3.14785500752168],[19.0284957376082,-36.6715054030282,-3.14785500752168],[19.5263503539822,-37.5387659065421,-3.15442277806977],[19.991179343985,-38.4241663865809,-3.15968110852504],[19.6964705058019,-39.3797534839701,-2.96195794227005],[19.4017616676187,-40.3353405813593,-2.96195794227005],[18.9465461482658,-41.2257218653834,-2.93030470645203],[18.5372466182438,-42.1381219392127,-2.9112230980824],[18.1279470882218,-43.050522013042,-2.91122309808239],[17.9749698294608,-44.0387517223212,-2.93848084391865],[17.8219925706997,-45.0269814316003,-2.93848084391868],[17.3924021566553,-45.9300052829803,-2.86655174764789],[16.7188401709378,-46.6691360233749,-2.8265876659338],[15.8672959942538,-47.1934188813396,-2.81749910672296],[15.0157518175698,-47.7177017393042,-2.81749910672296],[14.0475098994314,-47.9677169147629,-2.7475179175446],[13.0479471659545,-47.997286186724,-2.71384923520736],[12.0618141651556,-47.831329250336,-2.7613621972921],[11.0870287047001,-47.608185112872,-2.75647132065821],[10.2692229392183,-47.0326907775874,-2.71380516278691],[9.45141717373643,-46.4571964423028,-2.7138051627869],[8.63361140825459,-45.8817021070181,-2.7138051627869],[8.05372329020625,-45.0670059854204,-2.58468439487497],[7.4738351721579,-44.2523098638227,-2.58468439487496],[6.65323456477024,-43.6808077700777,-2.70864950201602],[5.77244060298418,-43.2073080373626,-2.72441535566483],[4.89164664119812,-42.7338083046476,-2.72441535566483],[4.19650240702983,-42.0149380147464,-2.73959672943427],[3.50135817286154,-41.2960677248453,-2.7395967294343],[2.80621393869324,-40.5771974349441,-2.73959672943428],[1.87332615696588,-40.2170302700001,-2.69551538628414],[0.940438375238517,-39.8568631050561,-2.69551538628414],[0.384436912514781,-40.6880444170747,-2.77553517823996],[-0.171564550208955,-41.5192257290934,-2.77553517823996],[-0.924276489255672,-42.1775757399665,-2.74626335360017],[-1.64867916625976,-42.8669528222294,-2.73349120080839],[-2.35160021685268,-43.5782207018875,-2.75784353782366],[-3.0545212674456,-44.2894885815456,-2.75784353782365],[-3.80543818422636,-44.9498852684637,-2.72332041929955],[-4.62274628232728,-45.5260861646611,-2.71454521510877],[-5.4400543804282,-46.1022870608585,-2.71454521510877],[-5.98967161702846,-46.9377036594678,-2.81182889585519],[-6.22253154577283,-47.910213944033,-2.90954706511795],[-5.84483997831764,-48.8361454101109,-2.91496858242724],[-5.46714841086246,-49.7620768761889,-2.91496858242724],[-5.05061658749876,-50.6711980123007,-2.93620998084545],[-4.63408476413506,-51.5803191484126,-2.93620998084545],[-4.18426158702095,-52.4734367830672,-2.93024999300808],[-3.73443840990684,-53.3665544177217,-2.93024999300808],[-3.33046709891811,-54.2813260722334,-2.9196034796623],[-2.92649578792938,-55.1960977267451,-2.9196034796623],[-3.73245014103405,-55.7880754127364,-2.79094365465988],[-4.53840449413871,-56.3800530987277,-2.79094365465988],[-5.45463779571378,-56.7806982498089,-2.7617540556885],[-6.25855842190783,-57.3754348526675,-2.80380116872061],[-7.06247904810188,-57.9701714555261,-2.80380116872064],[-8.04915194372406,-58.1328877640036,-2.85715166475296],[-8.89532280102404,-58.6657994642469,-2.86648076551371],[-9.74149365832403,-59.1987111644902,-2.86648076551371],[-10.1577743758053,-60.1079473077738,-2.94715909537778],[-10.3895667674813,-61.0807125863282,-2.96837277210443],[-10.6213591591573,-62.0534778648827,-2.96837277210446],[-10.8239705352133,-63.032737090161,-2.92225271216638],[-11.0265819112693,-64.0119963154393,-2.92225271216637],[-11.9470426266314,-63.6211612204502,-2.79147828446155],[-12.8675033419934,-63.2303261254611,-2.79147828446155],[-13.7879640573555,-62.8394910304721,-2.79147828446155],[-14.7873332930692,-62.8750034326579,-2.93943818685601],[-15.7867025287829,-62.9105158348438,-2.93943818685601],[-16.7544552791095,-62.6586138415303,-2.88857739211421]],