{"HalfedgeAttributes":[],"Halfedges":[[1,2,1],[3,0,0],[0,4,2],[5,1,1],[2,6,3],[7,3,2],[4,8,4],[9,5,3],[6,10,5],[11,7,4],[8,12,6],[13,9,5],[10,14,7],[15,11,6],[12,16,8],[17,13,7],[14,18,9],[19,15,8],[16,20,10],[21,17,9],[18,22,11],[23,19,10],[20,24,12],[25,21,11],[22,26,13],[27,23,12],[24,28,14],[29,25,13],[26,30,15],[31,27,14],[28,32,16],[33,29,15],[30,34,17],[35,31,16],[32,36,18],[37,33,17],[34,38,19],[39,35,18],[36,40,20],[41,37,19],[38,42,21],[43,39,20],[40,44,22],[45,41,21],[42,46,23],[47,43,22],[44,48,24],[49,45,23],[46,50,25],[51,47,24],[48,52,26],[53,49,25],[50,54,27],[55,51,26],[52,56,28],[57,53,27],[54,58,29],[59,55,28],[56,60,30],[61,57,29],[58,62,31],[63,59,30],[60,64,32],[65,61,31],[62,66,33],[67,63,32],[64,68,34],[69,65,33],[66,70,35],[71,67,34],[68,72,36],[73,69,35],[70,74,37],[75,71,36],[72,76,38],[77,73,37],[74,78,39],[79,75,38],[76,80,40],[81,77,39],[78,82,41],[83,79,40],[80,84,42],[85,81,41],[82,86,43],[87,83,42],[84,88,44],[89,85,43],[86,90,45],[91,87,44],[88,92,46],[93,89,45],[90,94,47],[95,91,46],[92,96,48],[97,93,47],[94,98,49],[99,95,48],[96,100,50],[101,97,49],[98,102,51],[103,99,50],[100,104,52],[105,101,51],[102,106,53],[107,103,52],[104,108,54],[109,105,53],[106,110,55],[111,107,54],[108,112,56],[113,109,55],[110,114,57],[115,111,56],[112,116,58],[117,113,57],[114,118,59],[119,115,58],[116,120,60],[121,117,59],[118,122,61],[123,119,60],[120,124,62],[125,121,61],[122,126,63],[127,123,62],[124,128,64],[129,125,63],[126,130,65],[131,127,64],[128,132,66],[133,129,65],[130,134,67],[135,131,66],[132,136,68],[137,133,67],[134,138,69],[139,135,68],[136,140,70],[141,137,69],[138,142,71],[143,139,70],[140,144,72],[145,141,71],[142,146,73],[147,143,72],[144,148,74],[149,145,73],[146,150,75],[151,147,74],[148,151,76],[150,149,75],[-1,154,77],[155,-1,76],[152,156,78],[157,153,77],[154,158,79],[159,155,78],[156,-1,80],[-1,157,79],[161,162,81],[163,160,80],[160,164,82],[165,161,81],[162,166,83],[167,163,82],[164,168,84],[169,165,83],[166,170,85],[171,167,84],[168,172,86],[173,169,85],[170,174,87],[175,171,86],[172,176,88],[177,173,87],[174,178,89],[179,175,88],[176,180,90],[181,177,89],[178,182,91],[183,179,90],[180,184,92],[185,181,91],[182,186,93],[187,183,92],[184,188,94],[189,185,93],[186,190,95],[191,187,94],[188,192,96],[193,189,95],[190,194,97],[195,191,96],[192,196,98],[197,193,97],[194,197,99],[196,195,98]],"VertexAttributes":[[-35.7645470769226,-22.1479096679708,-2.62652045519067],[-36.1726371538451,-23.0608513359416,-2.6265204551907],[-36.9348316417058,-23.7081994360198,-2.57636425758362],[-37.6970261295665,-24.3555475360979,-2.57636425758365],[-38.6683497666893,-24.5933087439651,-2.48182548814574],[-39.6396734038122,-24.8310699518323,-2.48182548814574],[-40.6305607797706,-24.9657629663739,-2.49804893103051],[-41.6214481557289,-25.1004559809155,-2.4980489310305],[-42.6213332908529,-25.1156123841225,-2.48010909867124],[-43.6212184259768,-25.1307687873295,-2.48010909867126],[-44.6105463743907,-25.276474691421,-2.50015863472497],[-45.5998743228047,-25.4221805955125,-2.50015863472497],[-46.569808640726,-25.6655474357321,-2.54715313705285],[-47.5397429586474,-25.9089142759516,-2.54715313705287],[-48.5233914843128,-25.7288154754106,-2.53555305830318],[-49.4094152739706,-25.2651756969613,-2.52522136851294],[-50.2954390636284,-24.8015359185121,-2.52522136851294],[-51.1509463057135,-24.2837450739235,-2.51093260265196],[-52.0064535477987,-23.7659542293349,-2.51093260265196],[-53.0024220436675,-23.8556579373791,-2.64088804798133],[-53.9983905395363,-23.9453616454233,-2.64088804798132],[-54.9828554625891,-24.1209430091232,-2.66980591786773],[-55.9673203856418,-24.2965243728232,-2.66980591786773],[-56.9666183884218,-24.3339877101002,-2.65569251777376],[-57.9659163912018,-24.3714510473773,-2.65569251777376],[-58.9567833036865,-24.2366075761116,-2.64122688617414],[-59.9476502161712,-24.1017641048458,-2.64122688617412],[-60.7014930336342,-24.7588189020731,-2.79787490134606],[-61.3763924502788,-25.4967286373476,-2.8196580177223],[-62.0512918669233,-26.2346383726221,-2.81965801772233],[-62.2355111369945,-27.2175235442136,-2.95692469158125],[-62.4197304070657,-28.2004087158051,-2.95692469158125],[-62.1459549418311,-29.162202349926,-3.07657440337444],[-61.8721794765965,-30.123995984047,-3.07657440337444],[-61.1732974047832,-30.8392329026257,-3.23818155847734],[-60.4649622841388,-31.5451092068473,-3.26132141054038],[-59.7299471221497,-32.2231598772593,-3.25807948031304],[-58.9949319601606,-32.9012105476713,-3.25807948031304],[-58.8639872666117,-33.8926002224367,-3.1642468575227],[-58.7330425730628,-34.8839898972021,-3.1642468575227],[-58.7118870295507,-35.8837660936474,-3.14823895773208],[-58.6907314860387,-36.8835422900927,-3.14823895773206],[-58.6693180864412,-37.8833129969639,-3.14916295784293],[-58.2582787188781,-38.7949305913056,-3.17897938217295],[-57.847239351315,-39.7065481856473,-3.17897938217295],[-58.0263381319889,-40.6903792823103,-3.06347236832151],[-58.2054369126628,-41.6742103789733,-3.06347236832151],[-58.6970758775635,-42.5450095109155,-2.94467918080474],[-59.1887148424642,-43.4158086428578,-2.94467918080473],[-59.6160243398647,-44.319914053433,-2.95580007192525],[-60.0433338372651,-45.2240194640082,-2.95580007192525],[-60.0080593916429,-46.2233971270996,-3.06180239225326],[-59.6659747525936,-47.1630662708553,-3.09479633516202],[-59.2139996532633,-48.0550968250323,-3.09749342514871],[-58.7476281272108,-48.9396857689421,-3.12256222175016],[-58.2812566011583,-49.8242747128518,-3.12256222175019],[-58.0855048090477,-50.8049281867587,-3.08694970007232],[-57.8897530169371,-51.7855816606655,-3.08694970007232],[-57.9246170308313,-52.7849737261409,-3.07052384490156],[-57.9594810447256,-53.7843657916163,-3.07052384490156],[-58.427647651651,-54.6680060058211,-3.04716674053979],[-59.2945440956119,-55.1664942759417,-3.04713740033498],[-60.1614405395729,-55.6649825460623,-3.04713740033498],[-60.9886886411478,-56.2268193359227,-3.05075235995756],[-61.8159367427228,-56.7886561257831,-3.05075235995756],[-62.5961145556785,-57.4142139409941,-3.14327720810013],[-63.3762923686343,-58.0397717562052,-3.14327720810013],[-64.3740333124616,-58.1069506889928,-3.00982886723264],[-65.3740153494842,-58.1009568895078,-3.12893644265969],[-66.3739973865067,-58.0949630900227,-3.12893644265972],[-67.3078612619812,-57.7373344249471,-2.97700276456924],[-68.1521402174438,-57.2014304733261,-2.91313397520913],[-69.0639807042966,-56.7908858027529,-2.94044312919101],[-69.9758211911494,-56.3803411321797,-2.94044312919101],[-70.9284621224983,-56.6844385769546,-2.9451906508916],[-71.8811030538472,-56.9885360217294,-2.94519065089159],[-72.6529713673435,-57.6243184582756,-2.93098040190877],[-73.4248396808397,-58.2601008948217,-2.93098040190877],[-73.8139458723161,-59.181293801739,-3.00630782227557],[-74.2030520637925,-60.1024867086562,-3.00630782227556],[-75.2027883228675,-60.1254521672981,-2.91304265417666],[-76.2025245819426,-60.14841762594,-2.91304265417665],[-77.0582871593593,-59.6310488879076,-2.86120149038845],[-77.5882568788578,-58.7830323217872,-2.83850733230148],[-78.1182265983564,-57.9350157556668,-2.83850733230148],[-78.8545866082276,-57.2584258238304,-2.86049304966603],[-79.5909466180989,-56.581835891994,-2.86049304966603],[-80.3273066279701,-55.9052459601576,-2.86049304966603],[-79.4392812615499,-56.3650404235804,-2.87174812585756],[-80.1756412714211,-55.688450491744,-2.89714102961037],[-79.2876159050009,-56.1482449551667,-2.85437204988379],[-79.7683442588587,-55.2713753811723,-2.89794507980305],[-80.2490726127165,-54.3945058071779,-2.89794507980305],[-80.4889245969209,-53.4236963378827,-2.89090100417963],[-80.7287765811252,-52.4528868685875,-2.89090100417963],[-81.5879453096311,-51.941194484476,-3.01480062535043],[-82.4471140381369,-51.4295021003645,-3.01480062535042],[-83.3699201129832,-51.8147668771437,-3.08496648163518],[-84.2927261878295,-52.200031653923,-3.08496648163518],[-84.7433548743612,-53.0927431341195,-3.1273793609122]],