{"HalfedgeAttributes":[],"Halfedges":[[1,2,1],[3,0,0],[0,4,2],[5,1,1],[2,6,3],[7,3,2],[4,8,4],[9,5,3],[6,10,5],[11,7,4],[8,12,6],[13,9,5],[10,14,7],[15,11,6],[12,16,8],[17,13,7],[14,18,9],[19,15,8],[16,20,10],[21,17,9],[18,22,11],[23,19,10],[20,24,12],[25,21,11],[22,26,13],[27,23,12],[24,28,14],[29,25,13],[26,30,15],[31,27,14],[28,32,16],[33,29,15],[30,34,17],[35,31,16],[32,36,18],[37,33,17],[34,38,19],[39,35,18],[36,40,20],[41,37,19],[38,42,21],[43,39,20],[40,44,22],[45,41,21],[42,46,23],[47,43,22],[44,48,24],[49,45,23],[46,50,25],[51,47,24],[48,52,26],[53,49,25],[50,54,27],[55,51,26],[52,56,28],[57,53,27],[54,58,29],[59,55,28],[56,60,30],[61,57,29],[58,62,31],[63,59,30],[60,64,32],[65,61,31],[62,66,33],[67,63,32],[64,68,34],[69,65,33],[66,70,35],[71,67,34],[68,72,36],[73,69,35],[70,74,37],[75,71,36],[72,76,38],[77,73,37],[74,78,39],[79,75,38],[76,80,40],[81,77,39],[78,82,41],[83,79,40],[80,84,42],[85,81,41],[82,86,43],[87,83,42],[84,88,44],[89,85,43],[86,90,45],[91,87,44],[88,92,46],[93,89,45],[90,94,47],[95,91,46],[92,96,48],[97,93,47],[94,98,49],[99,95,48],[96,100,50],[101,97,49],[98,102,51],[103,99,50],[100,104,52],[105,101,51],[102,106,53],[107,103,52],[104,108,54],[109,105,53],[106,110,55],[111,107,54],[108,112,56],[113,109,55],[110,114,57],[115,111,56],[112,116,58],[117,113,57],[114,118,59],[119,115,58],[116,120,60],[121,117,59],[118,122,61],[123,119,60],[120,124,62],[125,121,61],[122,126,63],[127,123,62],[124,128,64],[129,125,63],[126,130,65],[131,127,64],[128,132,66],[133,129,65],[130,134,67],[135,131,66],[132,136,68],[137,133,67],[134,138,69],[139,135,68],[136,140,70],[141,137,69],[138,142,71],[143,139,70],[140,144,72],[145,141,71],[142,146,73],[147,143,72],[144,148,74],[149,145,73],[146,150,75],[151,147,74],[148,152,76],[153,149,75],[150,154,77],[155,151,76],[152,156,78],[157,153,77],[154,158,79],[159,155,78],[156,160,80],[161,157,79],[158,162,81],[163,159,80],[160,164,82],[165,161,81],[162,166,83],[167,163,82],[164,168,84],[169,165,83],[166,170,85],[171,167,84],[168,172,86],[173,169,85],[170,174,87],[175,171,86],[172,176,88],[177,173,87],[174,178,89],[179,175,88],[176,180,90],[181,177,89],[178,182,91],[183,179,90],[180,184,92],[185,181,91],[182,186,93],[187,183,92],[184,188,94],[189,185,93],[186,190,95],[191,187,94],[188,192,96],[193,189,95],[190,194,97],[195,191,96],[192,196,98],[197,193,97],[194,197,99],[196,195,98]],"VertexAttributes":[[9.54377423451816,-46.3142646647154,-2.78277538466945],[8.72596846903633,-45.7387703294308,-2.78277538466943],[8.14608035098798,-44.9240742078331,-2.65914629786499],[7.56619223293963,-44.1093780862354,-2.65914629786499],[6.74559162555197,-43.5378759924903,-2.78678725257225],[5.86479766376592,-43.0643762597753,-2.80822675008704],[4.98400370197986,-42.5908765270602,-2.80822675008703],[4.28885946781156,-41.8720062371591,-2.78034397204453],[3.59371523364327,-41.1531359472579,-2.78034397204453],[2.89857099947498,-40.4342656573567,-2.78034397204453],[1.96568321774761,-40.0740984924127,-2.71000567974194],[1.03279543602025,-39.7139313274687,-2.71000567974194],[0.476793973296514,-40.5451126394874,-2.77618911045658],[-0.0792074894272223,-41.3762939515061,-2.77618911045657],[-0.831919428473939,-42.0346439623791,-2.754663477305],[-1.58463136752065,-42.6929939732521,-2.754663477305],[-2.30903404452475,-43.382371055515,-2.75964875080946],[-3.01195509511767,-44.0936389351731,-2.77801359395075],[-3.76287201189843,-44.7540356220913,-2.75457009624019],[-4.58018010999935,-45.3302365182887,-2.75092570492893],[-5.39748820810026,-45.9064374144861,-2.75092570492893],[-5.94710544470052,-46.7418540130953,-2.83958033683774],[-6.17996537344489,-47.7143642976606,-2.91110717102113],[-6.41282530218926,-48.6868745822258,-2.91110717102113],[-6.03513373473407,-49.6128060483038,-3.09386609625689],[-5.61860191137037,-50.5219271844156,-3.0871569455044],[-5.20207008800668,-51.4310483205275,-3.0871569455044],[-4.84571276381799,-52.3653980716898,-3.11403142935902],[-4.39588958670388,-53.2585157063444,-3.1278878386387],[-3.99191827571515,-54.173287360856,-3.08138079313801],[-3.58794696472642,-55.0880590153677,-3.08138079313801],[-4.39390131783109,-55.680036701359,-2.94123746398481],[-5.19985567093575,-56.2720143873504,-2.94123746398481],[-6.01205784208733,-56.8553904523176,-2.93202097502713],[-6.81597846828138,-57.4501270551762,-2.9108672292684],[-7.61989909447543,-58.0448636580348,-2.9108672292684],[-8.46606995177541,-58.5777753582781,-2.81555744417028],[-9.3122408090754,-59.1106870585214,-2.81555744417031],[-9.72852152655667,-60.019923201805,-2.86832182234483],[-9.96031391823268,-60.9926884803594,-2.86872324393465],[-10.1921063099087,-61.9654537589139,-2.86872324393465],[-10.3947176859647,-62.9447129841922,-2.86181333791664],[-10.5973290620207,-63.9239722094705,-2.86181333791667],[-11.2996150890463,-64.6358671007604,-2.7811853799533],[-12.2200758044083,-64.2450320057713,-2.64014404097971],[-13.1405365197704,-63.8541969107822,-2.64014404097971],[-14.1150714782887,-63.6299612877741,-2.65833375504262],[-15.0896064368069,-63.405725664766,-2.65833375504262],[-16.085265734571,-63.4987985543521,-2.66742025855181],[-17.0809250323351,-63.5918714439382,-2.66742025855184],[-18.0612155776224,-63.3943101956624,-2.58865850029525],[-19.0415061229098,-63.1967489473866,-2.58865850029525],[-20.0217966681971,-62.9991876991107,-2.58865850029525],[-19.7531890662595,-62.0359380138363,-2.28570402167333],[-19.4845814643218,-61.0726883285618,-2.28570402167333],[-19.2752730150101,-60.0948386606442,-2.35479766695333],[-19.0659645656984,-59.1169889927265,-2.35479766695332],[-18.6749967885126,-58.1965846265904,-2.39550360104062],[-18.2840290113267,-57.2761802604543,-2.3955036010406],[-17.5468051044782,-56.600531748896,-2.2552670206704],[-16.8095811976297,-55.9248832373376,-2.2552670206704],[-15.8429521037023,-55.6687032327058,-2.08780494651889],[-14.8763230097749,-55.412523228074,-2.08780494651892],[-13.9052867921942,-55.1735908858796,-2.08871661213405],[-12.9342505746134,-54.9346585436853,-2.08871661213405],[-12.0573368465583,-54.4540107375441,-2.1535348518026],[-11.7775449695212,-53.4939500594908,-2.19993078050626],[-11.4977530924841,-52.5338893814376,-2.19993078050625],[-12.0045113978348,-51.6718012073173,-2.34833920631257],[-12.5112697031855,-50.809713033197,-2.3483392063126],[-13.1733224143291,-50.0602557577854,-2.38385991438469],[-13.7208198938791,-49.2234484263844,-2.3466617513011],[-14.5017855518515,-48.5988744587331,-2.44609694773023],[-15.2827512098239,-47.9743004910817,-2.44609694773023],[-16.1976106067874,-47.5705279266502,-2.4977207949516],[-17.0847769610703,-47.1090781895949,-2.47649619941656],[-17.8636382508631,-46.481881975271,-2.48221489660085],[-18.6424995406559,-45.8546857609471,-2.48221489660085],[-19.1556095242277,-44.9963628935137,-2.35471454592123],[-19.6828541983582,-44.1466493808514,-2.34148956600295],[-20.2288470842697,-43.3088595691837,-2.32186172565117],[-20.7748399701811,-42.4710697575161,-2.32186172565117],[-20.9609967408519,-41.4885497034035,-2.2978954203527],[-21.1471535115226,-40.5060296492909,-2.29789542035273],[-21.4145923366206,-39.5424548079681,-2.2973767179657],[-21.6820311617186,-38.5788799666453,-2.2973767179657],[-21.7613378759558,-37.5820297045313,-2.17886354178569],[-21.1353878796878,-36.802166510008,-2.14251464443335],[-20.5094378834198,-36.0223033154847,-2.14251464443335],[-19.512191395071,-35.9481450962774,-2.13975880906879],[-18.5149449067222,-35.8739868770702,-2.13975880906879],[-17.5389476499463,-35.656204061481,-2.18900715457275],[-16.5629503931704,-35.4384212458918,-2.18900715457275],[-15.9142065242187,-34.6774144177375,-2.24620678425421],[-15.2654626552671,-33.9164075895831,-2.24620678425424],[-14.7185878806541,-33.0791931720698,-2.30459828685537],[-14.6300764254524,-32.0831180131094,-2.40739196252278],[-14.5969860218997,-31.0836656504663,-2.38308080791137],[-14.563895618347,-30.0842132878233,-2.38308080791137],[-14.6522840311695,-29.0881272029498,-2.44195696118206]],