{"HalfedgeAttributes":[],"Halfedges":[[1,2,1],[3,0,0],[0,4,2],[5,1,1],[2,6,3],[7,3,2],[4,8,4],[9,5,3],[6,10,5],[11,7,4],[8,12,6],[13,9,5],[10,14,7],[15,11,6],[12,16,8],[17,13,7],[14,18,9],[19,15,8],[16,20,10],[21,17,9],[18,22,11],[23,19,10],[20,24,12],[25,21,11],[22,26,13],[27,23,12],[24,28,14],[29,25,13],[26,30,15],[31,27,14],[28,32,16],[33,29,15],[30,34,17],[35,31,16],[32,36,18],[37,33,17],[34,38,19],[39,35,18],[36,40,20],[41,37,19],[38,42,21],[43,39,20],[40,44,22],[45,41,21],[42,46,23],[47,43,22],[44,48,24],[49,45,23],[46,50,25],[51,47,24],[48,52,26],[53,49,25],[50,54,27],[55,51,26],[52,56,28],[57,53,27],[54,58,29],[59,55,28],[56,60,30],[61,57,29],[58,62,31],[63,59,30],[60,64,32],[65,61,31],[62,66,33],[67,63,32],[64,68,34],[69,65,33],[66,70,35],[71,67,34],[68,72,36],[73,69,35],[70,74,37],[75,71,36],[72,76,38],[77,73,37],[74,78,39],[79,75,38],[76,80,40],[81,77,39],[78,82,41],[83,79,40],[80,84,42],[85,81,41],[82,86,43],[87,83,42],[84,88,44],[89,85,43],[86,90,45],[91,87,44],[88,92,46],[93,89,45],[90,94,47],[95,91,46],[92,96,48],[97,93,47],[94,98,49],[99,95,48],[96,100,50],[101,97,49],[98,102,51],[103,99,50],[100,104,52],[105,101,51],[102,106,53],[107,103,52],[104,108,54],[109,105,53],[106,110,55],[111,107,54],[108,112,56],[113,109,55],[110,114,57],[115,111,56],[112,116,58],[117,113,57],[114,118,59],[119,115,58],[116,120,60],[121,117,59],[118,122,61],[123,119,60],[120,124,62],[125,121,61],[122,126,63],[127,123,62],[124,128,64],[129,125,63],[126,130,65],[131,127,64],[128,132,66],[133,129,65],[130,134,67],[135,131,66],[132,136,68],[137,133,67],[134,138,69],[139,135,68],[136,140,70],[141,137,69],[138,142,71],[143,139,70],[140,144,72],[145,141,71],[142,146,73],[147,143,72],[144,148,74],[149,145,73],[146,150,75],[151,147,74],[148,152,76],[153,149,75],[150,154,77],[155,151,76],[152,156,78],[157,153,77],[154,158,79],[159,155,78],[156,160,80],[161,157,79],[158,162,81],[163,159,80],[160,164,82],[165,161,81],[162,166,83],[167,163,82],[164,168,84],[169,165,83],[166,170,85],[171,167,84],[168,172,86],[173,169,85],[170,174,87],[175,171,86],[172,176,88],[177,173,87],[174,178,89],[179,175,88],[176,180,90],[181,177,89],[178,182,91],[183,179,90],[180,184,92],[185,181,91],[182,186,93],[187,183,92],[184,188,94],[189,185,93],[186,190,95],[191,187,94],[188,192,96],[193,189,95],[190,194,97],[195,191,96],[192,196,98],[197,193,97],[194,197,99],[196,195,98]],"VertexAttributes":[[-9.07259602522997,6.82503378930398,-5.95228884367422],[-9.07487122875562,7.82503120102509,-5.95404539944022],[-9.07714643228128,8.8250286127462,-5.95404539944025],[-8.99229452365796,9.82142218639217,-5.98569901377154],[-8.8548937322824,10.8119377201065,-6.05546526076998],[-8.17224834786855,10.0811879139906,-6.09831776751459],[-7.48960296345469,9.35043810787464,-6.09831776751459],[-6.56344170884014,8.97331037029651,-6.06995012030964],[-5.80748390521862,8.31869002296248,-6.11801841683439],[-5.0515261015971,7.66406967562844,-6.11801841683439],[-4.27986720300218,7.02803308531366,-6.10167330667555],[-3.50592572973295,6.39477595274122,-6.10097133920647],[-2.73198425646373,5.76151882016879,-6.1009713392065],[-2.52192387249087,4.78383040605866,-6.18518081243788],[-2.31186348851802,3.80614199194853,-6.18518081243786],[-3.06520349633825,3.14851076351012,-6.29759774204291],[-3.32561471443529,2.18301296574504,-6.2396056309977],[-3.4426051757058,1.18987992733996,-6.24519576206946],[-3.18261737754212,0.224268025587501,-6.22930232183083],[-2.92262957937843,-0.741343876164957,-6.2293023218308],[-2.4062911848661,-1.59772852242645,-6.15680256428212],[-1.836977969082,-2.41984923274433,-6.1376166806986],[-1.32220152183221,-3.27717368087169,-6.13519957502594],[-0.80742507458241,-4.13449812899904,-6.13519957502596],[-0.145587859518091,-4.8841457133718,-6.11477873862378],[0.516249355546229,-5.63379329774455,-6.11477873862378],[0.689862366739589,-6.61860725090747,-6.13783264027288],[0.863475377932948,-7.60342120407039,-6.13783264027288],[1.12740527817876,-8.5679630682506,-6.14528215565848],[1.39133517842456,-9.53250493243081,-6.14528215565846],[2.18827534286895,-10.1365631864886,-6.10261498280576],[2.98521550731334,-10.7406214405464,-6.10261498280576],[3.77066381156954,-11.3595487071465,-6.11643726990148],[4.67439568931671,-10.9314497779916,-6.04835937641855],[5.57812756706388,-10.5033508488367,-6.04835937641855],[5.91099763168017,-9.56037814505236,-6.02073905488709],[6.24386769629647,-8.61740544126802,-6.02073905488707],[6.55929619026623,-7.66845609320356,-6.02219297311733],[6.87472468423599,-6.7195067451391,-6.02219297311733],[7.26330503756247,-5.79809190425109,-6.03250679047758],[7.65188539088894,-4.87667706336308,-6.03250679047761],[7.26381546531593,-3.95504713065377,-5.93401132278157],[6.78183187891716,-3.07886688524637,-5.94151619785077],[6.76262927929153,-2.07905127216183,-5.96815603765855],[7.22742549557609,-1.19363358692646,-5.98632069004393],[7.69222171186064,-0.308215901691089,-5.9863206900439],[8.66317033938619,-0.547503934626848,-6.07016539277937],[9.64602343587784,-0.363113612980697,-6.04616928807584],[10.6407543980818,-0.260593796199929,-6.11399384536027],[11.6354853602858,-0.158073979419161,-6.1139938453603],[12.5076904514097,0.331066367534082,-6.10891062185908],[13.3798955425336,0.820206714487326,-6.10891062185908],[14.2172771132829,1.36682550758678,-6.0785720068328],[14.5133033889523,2.3220053043336,-6.06924996716694],[14.8093296646217,3.27718510108042,-6.06924996716694],[14.560970018912,4.24585299379855,-6.04888150458542],[14.3126103732024,5.21452088651668,-6.04888150458542],[13.5477922554116,5.85876714898072,-6.02786499746661],[12.7829741376207,6.50301341144477,-6.02786499746661],[11.9413144576273,5.9630050938483,-5.91641885706679],[10.9523526113761,6.11117549122731,-5.99444819728214],[9.95719882504061,6.20950626739693,-5.96068427089824],[8.96204503870511,6.30783704356655,-5.96068427089824],[8.41622624348401,7.14574028546467,-6.0299203981815],[7.87040744826291,7.9836435273628,-6.02992039818153],[7.32458865304181,8.82154676926092,-6.02992039818152],[6.88491749393537,9.71970559254887,-6.06048629606921],[6.35650494571462,10.5686933303183,-6.12547555112143],[5.82809239749387,11.4176810680877,-6.12547555112143],[5.31718802006251,12.2773186179432,-6.11927080701453],[4.80628364263115,13.1369561677986,-6.11927080701453],[4.74121462739293,14.1348369338503,-6.14713631887538],[4.67614561215471,15.132717699902,-6.14713631887538],[4.97986563524394,16.0854790276094,-6.18778967320932],[5.28358565833318,17.0382403553167,-6.18778967320932],[5.05579228060848,18.0119498484741,-6.15590777525023],[4.92283253170037,19.003071286629,-6.16636104909415],[5.26440837705868,19.9429254997215,-6.24241850177089],[6.08766140131033,20.510600105513,-6.25169262617146],[6.91091442556199,21.0782747113045,-6.25169262617146],[7.73416744981364,21.645949317096,-6.25169262617146],[8.32853360772517,22.4501438646586,-6.19676492580261],[8.92289976563671,23.2543384122212,-6.1967649258026],[9.25959736743534,24.1959512439855,-6.27478513803642],[9.59629496923398,25.1375640757497,-6.27478513803642],[8.64798580662059,25.4549120426622,-6.28707231496942],[7.65154416382019,25.5391975840869,-6.27530033929236],[6.6551025210198,25.6234831255116,-6.27530033929236],[5.77634283706735,26.1007476411209,-6.28969263785777],[4.8975831531149,26.5780121567302,-6.28969263785777],[4.01010199345176,26.1171681579161,-6.249128441964],[3.12262083378861,25.656324159102,-6.249128441964],[2.12417048074223,25.7119738895736,-6.25839208511616],[1.12572012769585,25.7676236200452,-6.25839208511614],[0.472514389272303,26.524804089478,-6.26676660999082],[-0.180691349151246,27.2819845589109,-6.26676660999082],[-0.492067164997154,28.2322714110278,-6.31398654698471],[-0.803442980843063,29.1825582631447,-6.31398654698474],[-1.28896160333525,30.056784588082,-6.2743421813804],[-2.28160856845333,30.1778300450057,-6.25537945286935]],