{"HalfedgeAttributes":[],"Halfedges":[[1,2,1],[3,0,0],[0,4,2],[5,1,1],[2,6,3],[7,3,2],[4,8,4],[9,5,3],[6,10,5],[11,7,4],[8,12,6],[13,9,5],[10,14,7],[15,11,6],[12,16,8],[17,13,7],[14,18,9],[19,15,8],[16,20,10],[21,17,9],[18,22,11],[23,19,10],[20,24,12],[25,21,11],[22,26,13],[27,23,12],[24,28,14],[29,25,13],[26,30,15],[31,27,14],[28,32,16],[33,29,15],[30,34,17],[35,31,16],[32,36,18],[37,33,17],[34,38,19],[39,35,18],[36,40,20],[41,37,19],[38,42,21],[43,39,20],[40,44,22],[45,41,21],[42,46,23],[47,43,22],[44,48,24],[49,45,23],[46,50,25],[51,47,24],[48,52,26],[53,49,25],[50,54,27],[55,51,26],[52,56,28],[57,53,27],[54,58,29],[59,55,28],[56,60,30],[61,57,29],[58,62,31],[63,59,30],[60,64,32],[65,61,31],[62,66,33],[67,63,32],[64,68,34],[69,65,33],[66,70,35],[71,67,34],[68,72,36],[73,69,35],[70,74,37],[75,71,36],[72,76,38],[77,73,37],[74,78,39],[79,75,38],[76,80,40],[81,77,39],[78,82,41],[83,79,40],[80,84,42],[85,81,41],[82,86,43],[87,83,42],[84,88,44],[89,85,43],[86,90,45],[91,87,44],[88,92,46],[93,89,45],[90,94,47],[95,91,46],[92,96,48],[97,93,47],[94,98,49],[99,95,48],[96,100,50],[101,97,49],[98,102,51],[103,99,50],[100,104,52],[105,101,51],[102,106,53],[107,103,52],[104,108,54],[109,105,53],[106,110,55],[111,107,54],[108,112,56],[113,109,55],[110,114,57],[115,111,56],[112,116,58],[117,113,57],[114,118,59],[119,115,58],[116,120,60],[121,117,59],[118,122,61],[123,119,60],[120,124,62],[125,121,61],[122,126,63],[127,123,62],[124,128,64],[129,125,63],[126,130,65],[131,127,64],[128,132,66],[133,129,65],[130,134,67],[135,131,66],[132,136,68],[137,133,67],[134,138,69],[139,135,68],[136,140,70],[141,137,69],[138,142,71],[143,139,70],[140,144,72],[145,141,71],[142,146,73],[147,143,72],[144,148,74],[149,145,73],[146,150,75],[151,147,74],[148,152,76],[153,149,75],[150,154,77],[155,151,76],[152,156,78],[157,153,77],[154,158,79],[159,155,78],[156,160,80],[161,157,79],[158,162,81],[163,159,80],[160,164,82],[165,161,81],[162,166,83],[167,163,82],[164,168,84],[169,165,83],[166,170,85],[171,167,84],[168,172,86],[173,169,85],[170,174,87],[175,171,86],[172,176,88],[177,173,87],[174,178,89],[179,175,88],[176,180,90],[181,177,89],[178,182,91],[183,179,90],[180,184,92],[185,181,91],[182,186,93],[187,183,92],[184,188,94],[189,185,93],[186,190,95],[191,187,94],[188,192,96],[193,189,95],[190,194,97],[195,191,96],[192,196,98],[197,193,97],[194,197,99],[196,195,98]],"VertexAttributes":[[11.1793857654818,-47.4652533352846,-2.78277538466945],[11.9971915309637,-48.0407476705692,-2.78277538466945],[12.9833245317626,-48.2067046069572,-2.64083046238213],[13.9694575325616,-48.3726615433451,-2.64083046238213],[14.9690202660384,-48.343092271384,-2.53839779382241],[15.9685829995152,-48.313522999423,-2.53839779382244],[16.9223829976686,-48.0130807195711,-2.44163885574866],[17.876182995822,-47.7126384397193,-2.44163885574865],[18.484338682774,-46.9188206643905,-2.32859621048736],[19.0924943697259,-46.1250028890616,-2.32859621048736],[19.5220847837703,-45.2219790376816,-2.29951179140259],[19.9283950148261,-44.3082438483957,-2.2953908837377],[20.0909065757655,-43.321537208831,-2.22252137422564],[20.2534181367049,-42.3348305692663,-2.22252137422564],[20.6414355249009,-41.4131785164517,-2.26592606956338],[21.029452913097,-40.491526463637,-2.26592606956341],[21.4180558595053,-39.5701211510613,-2.2587381636401],[21.8066588059136,-38.6487158384855,-2.2587381636401],[22.2451668680981,-37.7499885831965,-2.27544844790116],[22.6836749302825,-36.8512613279076,-2.27544844790114],[22.4011380255376,-35.8920048984492,-2.12666444447261],[21.420658026165,-35.6953860518699,-2.10527439796675],[20.9391355207335,-34.8189523254747,-2.16880029664949],[20.4576130153021,-33.9425185990794,-2.16880029664949],[20.1677766882361,-32.9854423724847,-2.20478468056145],[19.87794036117,-32.0283661458899,-2.20478468056143],[20.1329782638307,-31.0614350892957,-2.27351417300702],[20.3880161664913,-30.0945040327014,-2.27351417300702],[20.2227222502648,-29.1082596810023,-2.18297560005132],[19.4737484712535,-28.4456600444543,-2.15014951867559],[18.7247746922422,-27.7830604079062,-2.15014951867559],[18.137544282476,-26.9736405873892,-2.21373492536746],[17.8213034381755,-26.0249616488668,-2.27001564206267],[17.5050625938749,-25.0762827103443,-2.2700156420627],[17.728961381487,-24.1016703089735,-2.35761922637806],[18.2682677628267,-23.2595606800971,-2.34939472877778],[18.8075741441663,-22.4174510512207,-2.34939472877778],[19.1090929838177,-21.4639908321579,-2.34247354975986],[19.410611823469,-20.5105306130951,-2.34247354975984],[19.3902720385059,-19.5107374879199,-2.29065060217692],[19.3699322535429,-18.5109443627446,-2.29065060217695],[19.3648412997521,-17.5109573217338,-2.26185119299129],[19.3597503459614,-16.5109702807231,-2.26185119299129],[19.7394800966457,-15.5858728175089,-2.34759948112274],[20.739420826328,-15.5749853420235,-2.42616876358566],[21.7393615560103,-15.5640978665381,-2.42616876358566],[22.6744827714532,-15.9184258395074,-2.49821044873003],[22.7171709176678,-16.9175142851281,-2.56762798397527],[22.7598590638824,-17.9166027307488,-2.56762798397527],[22.7403958805046,-18.9164133050541,-2.59728781481132],[22.7209326971268,-19.9162238793595,-2.59728781481132],[22.6874075270587,-20.9156617528523,-2.61065660761082],[22.6602723458666,-21.9152935260277,-2.61741996290588],[22.6331371646746,-22.914925299203,-2.61741996290591],[22.9940167637325,-23.84753771333,-2.54991888809549],[23.3548963627905,-24.780150127457,-2.54991888809549],[23.6817753572871,-25.7252163277609,-2.5350757139021],[23.8407772397988,-26.7124946073547,-2.59534755569885],[24.0332254467111,-27.6938017395291,-2.56395340243795],[24.3107948842144,-28.6545073174061,-2.59480579481902],[24.5883643217177,-29.6152128952832,-2.59480579481902],[24.9003353856342,-30.5653044989082,-2.59109922381965],[25.2123064495506,-31.5153961025333,-2.59109922381965],[25.4853119739991,-32.4774085679518,-2.5758527951987],[25.7583174984476,-33.4394210333703,-2.57585279519873],[25.8236780741802,-34.4372827448012,-2.74265696730868],[26.5103220230266,-35.1642766151418,-2.85137965469949],[27.196965971873,-35.8912704854823,-2.85137965469949],[27.8836099207193,-36.6182643558228,-2.85137965469949],[28.8740495045721,-36.7562115585401,-2.53314174101554],[29.8644890884249,-36.8941587612574,-2.53314174101557],[30.8644362476459,-36.8838787434638,-2.50773187716294],[31.8643834068669,-36.8735987256703,-2.50773187716294],[32.8580969519326,-36.7616461001852,-2.49406719317176],[33.8518104969983,-36.6496934747001,-2.49406719317176],[34.8375110189331,-36.4811868544819,-2.45800971447417],[35.823211540868,-36.3126802342637,-2.45800971447417],[36.5977439161113,-36.9452145018728,-2.41127008313688],[37.3722762913547,-37.577748769482,-2.41127008313687],[38.1468086665981,-38.2102830370911,-2.41127008313687],[39.1441023720576,-38.1367625294021,-2.11865242658668],[40.1413960775171,-38.0632420217131,-2.11865242658668],[41.0870003680794,-37.737922908118,-2.00147536777898],[42.0326046586416,-37.4126037945229,-2.00147536777898],[42.5166602968439,-36.5375665729577,-1.80470388039106],[43.0007159350463,-35.6625293513926,-1.80470388039109],[43.3831623268557,-34.7385516690907,-1.78428917052715],[43.7656087186651,-33.8145739867888,-1.78428917052715],[44.3150656577778,-32.9790519511363,-1.78161762852885],[44.7830387841318,-32.0953092549795,-1.76674749755517],[45.2907103868814,-31.2337585926492,-1.8005274464452],[45.7983819896309,-30.372207930319,-1.80052744644523],[46.30572793337,-29.5104654552306,-1.78965298885633],[46.9841883489314,-28.7758284941972,-1.86797127669442],[47.7700998360864,-28.1574894817147,-1.91310735749691],[48.5560113232414,-27.5391504692322,-1.91310735749691],[49.5503907165877,-27.6450259720089,-2.07766174807152],[50.5500509158747,-27.6710929235255,-2.06083851149964],[51.2709844497643,-28.3640971368701,-2.17908651597924],[51.9919179836539,-29.0571013502148,-2.17908651597922]],